user_id,is_gone
4,0.0426
6,0.0426
10,0.1073
12,0.2117
13,0.9998
15,0.3565
19,0.0426
21,0.9902
23,0.0426
35,0.5452
40,0.0426
45,0.2793
55,0.4991
58,0.6845
62,0.1912
72,0.0426
74,0.4030
81,0.1655
84,0.1131
92,0.0426
93,0.0426
98,0.0184
102,0.9996
105,0.1772
107,0.0426
112,0.2791
113,0.5535
119,0.8850
124,0.6874
140,0.8331
141,0.1766
143,0.0426
150,0.2783
159,0.0426
162,0.2783
164,0.3512
165,0.0426
167,0.1570
174,0.0426
177,0.5818
180,0.0426
185,0.0426
186,0.9993
195,0.7389
198,0.8702
200,0.8278
204,0.6987
205,0.0802
207,0.9990
208,0.9994
212,0.2792
213,0.0184
217,0.0426
218,0.0557
234,0.0426
235,0.4108
236,0.0511
237,0.0426
242,0.1667
248,0.4212
253,0.7360
260,0.1304
261,0.4949
269,0.0426
271,0.4612
273,0.0426
276,0.1137
283,0.0298
289,0.0426
298,0.3901
303,0.6164
306,0.0184
308,0.0298
317,0.0426
318,0.0426
319,0.0426
320,0.0426
324,0.2792
328,0.2118
331,0.1884
335,0.1689
341,0.6045
346,0.0426
348,0.0426
349,0.1192
351,0.0426
355,0.4658
363,0.6137
366,0.0426
367,0.2139
373,0.1172
375,0.0486
382,0.0802
388,0.0426
389,0.0426
391,0.9944
400,0.0802
406,0.0426
409,0.9973
411,0.3564
414,0.1131
417,0.0794
419,0.0426
421,0.0184
423,0.0805
424,0.2822
425,0.0426
430,0.3884
448,0.0644
460,0.2783
462,0.1088
465,0.2953
467,0.9727
474,0.8313
476,0.0761
483,0.0426
485,0.0184
486,0.5745
487,0.0528
498,0.9994
503,0.0184
504,0.0426
511,0.0426
516,0.0426
522,0.0778
530,0.9114
534,0.0528
543,0.0426
554,0.0426
557,0.1917
561,0.5823
565,0.6583
567,0.3835
570,0.1718
574,0.2809
575,0.0502
578,0.6052
579,0.0184
583,0.0426
586,0.9702
593,0.2762
599,0.1975
601,0.9992
602,0.2841
611,0.0426
613,0.0307
615,0.0975
628,0.3807
642,0.1074
650,0.0426
659,0.3172
664,0.9976
672,0.2890
680,0.0184
683,0.2546
693,0.2890
696,0.0184
700,0.0426
704,0.1718
723,0.1655
725,0.1320
726,0.0426
731,0.0426
733,0.0926
736,0.0426
739,0.1936
741,0.0426
744,0.0862
745,0.0426
747,0.2783
754,0.6699
757,0.0426
760,0.0184
765,0.9991
770,0.6656
779,0.0426
800,0.1088
801,0.0426
804,0.2880
805,0.0426
810,0.0426
820,0.0511
829,0.0426
832,0.0426
837,0.0924
845,0.0426
848,0.0184
850,0.0426
864,0.0426
874,0.0184
880,0.1655
886,0.8378
897,0.0426
898,0.3372
901,0.9097
904,0.9991
907,0.0184
918,0.0426
920,0.7043
926,0.0184
933,0.0802
936,0.0444
937,0.0426
952,0.0426
953,0.1868
960,0.8359
970,0.8852
971,0.0426
972,0.5280
973,0.0184
980,0.6187
988,0.1027
999,0.1102
1003,0.3673
1010,0.0805
1023,0.0426
1041,0.1858
1044,0.2783
1049,0.9957
1054,0.2783
1055,0.0184
1059,0.0426
1061,0.7153
1068,0.0426
1071,0.0511
1083,0.5260
1087,0.3681
1092,0.2778
1099,0.0426
1100,0.2783
1102,0.0426
1115,0.1214
1131,0.0184
1132,0.1201
1134,0.4845
1135,0.0426
1137,0.1909
1138,0.0778
1145,0.0947
1149,0.3188
1152,0.0426
1153,0.2988
1154,0.1172
1156,0.3039
1157,0.1074
1164,0.8997
1171,0.5964
1175,0.0426
1182,0.0426
1187,0.9996
1192,0.1477
1195,0.0184
1197,0.0889
1202,0.0426
1211,0.2812
1212,0.0184
1214,0.0184
1219,0.0486
1232,0.0184
1238,0.0511
1242,0.0426
1245,0.1975
1246,0.6364
1253,0.0426
1263,0.0184
1269,0.0184
1273,0.0298
1274,0.9005
1275,0.0426
1276,0.0184
1279,0.0184
1280,0.0426
1285,0.0426
1288,0.0426
1302,0.4110
1307,0.0184
1308,0.0426
1309,0.0426
1313,0.2783
1314,0.0635
1322,0.0511
1325,0.0426
1332,0.0426
1334,0.1148
1339,0.0426
1340,0.0761
1341,0.1734
1347,0.3171
1349,0.1074
1354,0.2783
1356,0.4236
1357,0.0184
1358,0.3321
1359,0.9904
1365,0.2783
1367,0.2067
1369,0.0802
1374,0.0184
1375,0.1172
1379,0.0184
1384,0.0420
1385,0.0426
1387,0.0426
1392,0.2775
1399,0.0426
1403,0.0426
1407,0.0426
1412,0.1920
1413,0.1778
1414,0.0426
1420,0.2546
1426,0.9889
1432,0.0426
1436,0.0426
1437,0.0426
1438,0.5501
1441,0.9996
1442,0.1978
1452,0.0426
1455,0.0486
1457,0.4569
1458,0.2783
1459,0.9993
1460,0.1371
1464,0.1172
1465,0.0426
1469,0.0802
1472,0.5097
1485,0.0184
1488,0.6534
1489,0.0426
1494,0.0798
1501,0.0511
1506,0.0426
1510,0.2753
1520,0.5183
1522,0.0426
1523,0.1615
1524,0.0426
1525,0.0426
1540,0.0426
1541,0.3124
1543,0.3302
1550,0.2783
1551,0.1590
1554,0.2756
1556,0.1724
1563,0.2775
1564,0.0426
1566,0.1118
1571,0.9995
1580,0.3226
1584,0.4725
1587,0.0426
1592,0.0426
1597,0.1772
1608,0.0184
1610,0.0761
1611,0.5291
1619,0.1070
1620,0.4407
1623,0.1232
1630,0.2783
1636,0.0199
1640,0.2762
1641,0.1202
1646,0.0426
1650,0.0426
1658,0.0426
1667,0.0426
1674,0.1172
1689,0.0184
1690,0.1718
1693,0.3141
1704,0.1007
1706,0.0426
1713,0.0184
1716,0.0426
1717,0.1177
1719,0.0745
1720,0.2762
1725,0.3796
1728,0.0184
1731,0.4333
1739,0.0802
1745,0.0426
1747,0.2418
1748,0.8667
1751,0.3023
1754,0.0184
1763,0.0426
1764,0.0426
1767,0.9995
1771,0.0802
1775,0.0426
1777,0.0184
1779,0.0426
1782,0.4646
1783,0.1074
1785,0.1872
1786,0.1556
1797,0.1718
1800,0.5453
1803,0.1858
1821,0.1778
1822,0.3540
1830,0.0426
1831,0.9449
1832,0.3681
1835,0.3418
1837,0.0426
1840,0.7929
1849,0.2775
1855,0.0426
1858,0.0926
1872,0.0184
1873,0.3151
1882,0.8267
1883,0.0426
1887,0.5440
1891,0.0184
1893,0.9684
1918,0.2752
1923,0.0511
1939,0.0184
1947,0.1118
1953,0.6490
1954,0.1030
1956,0.6771
1958,0.1197
1960,0.5847
1961,0.4194
1962,0.8986
1967,0.2199
1968,0.0426
1974,0.0184
1981,0.0426
1985,0.0426
1988,0.2866
1993,0.0184
1998,0.0426
2000,0.1221
2012,0.0304
2016,0.2783
2018,0.4093
2019,0.3072
2026,0.2792
2033,0.0426
2034,0.2778
2036,0.1100
2041,0.0426
2042,0.1172
2044,0.2783
2052,0.1137
2060,0.0426
2061,0.1140
2062,0.1504
2063,0.0798
2064,0.0184
2066,0.0426
2068,0.0184
2069,0.0803
2070,0.0426
2073,0.0426
2077,0.0798
2079,0.3418
2089,0.0426
2091,0.0426
2095,0.0426
2097,0.0184
2100,0.0426
2101,0.2118
2107,0.4931
2109,0.2076
2111,0.3027
2114,0.0426
2117,0.9677
2120,0.1946
2126,0.0184
2128,0.0426
2146,0.0426
2149,0.8379
2158,0.0778
2160,0.0426
2172,0.4678
2174,0.0718
2180,0.9974
2187,0.0802
2196,0.0426
2199,0.0426
2201,0.5026
2202,0.0426
2203,0.2366
2208,0.0426
2220,0.9994
2224,0.0511
2231,0.1092
2235,0.0426
2244,0.0426
2256,0.0426
2270,0.4536
2275,0.0426
2288,0.0184
2299,0.2775
2305,0.9994
2306,0.5778
2309,0.0426
2313,0.1459
2316,0.1928
2317,0.1655
2326,0.0458
2338,0.0426
2343,0.3668
2346,0.0426
2347,0.1172
2362,0.0426
2364,0.0426
2365,0.2756
2372,0.0511
2376,0.1578
2379,0.0426
2380,0.4899
2382,0.1941
2384,0.9993
2389,0.0426
2397,0.0426
2398,0.2743
2401,0.0184
2411,0.0184
2423,0.3343
2426,0.9992
2430,0.3713
2434,0.9661
2435,0.3151
2439,0.2551
2441,0.0426
2448,0.0426
2454,0.0426
2465,0.0883
2466,0.0426
2483,0.1087
2492,0.0426
2493,0.1179
2494,0.3446
2501,0.2822
2504,0.0725
2506,0.0511
2517,0.2772
2518,0.1031
2521,0.0426
2524,0.1778
2527,0.0426
2531,0.0184
2535,0.9989
2540,0.8332
2544,0.4470
2545,0.2775
2551,0.0426
2552,0.0426
2558,0.5914
2562,0.0298
2563,0.2786
2568,0.0426
2572,0.0426
2584,0.0426
2585,0.0426
2590,0.0184
2593,0.0426
2596,0.0426
2603,0.3203
2607,0.5380
2610,0.6842
2623,0.0426
2628,0.1655
2629,0.0426
2633,0.0184
2645,0.2775
2646,0.0802
2653,0.1102
2667,0.0426
2668,0.0511
2669,0.9831
2671,0.0426
2676,0.2773
2688,0.1589
2699,0.0426
2714,0.0426
2715,0.1140
2720,0.5597
2722,0.0426
2723,0.0798
2728,0.0426
2738,0.3183
2747,0.0426
2757,0.0426
2760,0.1172
2763,0.0511
2769,0.5370
2771,0.7052
2772,0.5080
2777,0.0426
2779,0.0426
2782,0.2742
2790,0.0426
2808,0.6961
2809,0.0426
2810,0.0426
2814,0.0426
2815,0.2778
2819,0.3167
2821,0.1132
2823,0.1321
2827,0.3311
2834,0.1007
2835,0.0486
2846,0.0426
2852,0.0426
2860,0.8454
2862,0.8590
2863,0.9996
2864,0.1573
2866,0.3871
2868,0.0426
2869,0.1392
2871,0.2819
2880,0.2783
2884,0.8457
2889,0.0426
2893,0.2519
2897,0.2069
2898,0.2783
2906,0.7063
2907,0.9933
2911,0.2816
2914,0.9999
2920,0.5902
2921,0.2340
2935,0.0426
2939,0.2893
2947,0.2783
2955,0.0426
2956,0.0426
2959,0.0184
2961,0.0926
2963,0.0426
2968,0.0426
2970,0.0557
2973,0.9607
2974,0.1655
2976,0.6130
2977,0.5959
2985,0.0426
2992,0.3002
2993,0.0184
2994,0.3183
3002,0.6954
3004,0.0426
3006,0.0298
3008,0.9994
3010,0.0426
3013,0.0511
3017,0.1113
3024,0.9977
3028,0.0184
3031,0.1352
3040,0.0184
3043,0.2350
3048,0.0426
3054,0.0486
3055,0.0184
3059,0.0426
3075,0.1641
3077,0.3563
3079,0.0528
3080,0.0757
3082,0.0932
3086,0.3254
3093,0.9910
3097,0.0426
3108,0.1655
3110,0.9952
3114,0.5115
3115,0.7459
3120,0.0426
3128,0.4695
3136,0.1118
3141,0.2743
3145,0.0426
3156,0.0426
3160,0.0973
3169,0.0511
3170,0.0184
3171,0.0426
3172,0.4705
3191,0.0184
3192,0.9923
3193,0.0426
3197,0.0426
3199,0.0426
3202,0.0426
3207,0.0325
3209,0.0426
3212,0.2748
3214,0.1920
3215,0.1292
3216,0.1578
3217,0.5608
3218,0.0426
3221,0.0511
3227,0.2049
3235,0.2953
3238,0.2783
3239,0.9994
3244,0.0426
3245,0.0184
3252,0.0184
3256,0.0426
3263,0.0426
3267,0.5698
3268,0.0184
3273,0.0426
3274,0.6749
3276,0.2521
3277,0.0184
3279,0.0426
3283,0.1335
3286,0.0426
3289,0.0184
3302,0.0426
3305,0.5764
3313,0.0898
3314,0.7112
3321,0.1182
3349,0.1168
3350,0.0184
3351,0.1912
3352,0.0426
3364,0.0426
3370,0.4836
3374,0.1131
3376,0.0557
3383,0.0557
3388,0.4798
3394,0.0426
3400,0.1772
3401,0.3279
3402,0.8493
3403,0.2773
3404,0.3202
3406,0.0426
3414,0.9976
3418,0.9958
3420,0.4746
3421,0.1508
3422,0.0798
3426,0.0426
3434,0.8682
3435,0.8504
3439,0.1589
3443,0.2756
3452,0.0511
3462,0.0426
3463,0.0426
3465,0.0426
3472,0.0426
3478,0.0426
3479,0.2594
3484,0.0426
3489,0.0426
3493,0.0426
3494,0.2725
3496,0.0802
3498,0.0426
3502,0.3641
3505,0.0426
3513,0.2752
3514,0.2347
3515,0.6086
3517,0.0426
3532,0.0426
3539,0.8889
3542,0.0426
3543,0.0184
3558,0.0975
3567,0.0426
3570,0.0184
3571,0.0426
3575,0.6950
3577,0.0426
3596,0.6344
3603,0.0426
3608,0.9993
3609,0.1113
3617,0.0802
3628,0.1172
3631,0.5290
3637,0.1148
3640,0.0426
3641,0.0926
3649,0.0426
3650,0.3437
3653,0.1879
3662,0.3446
3663,0.0511
3665,0.0426
3671,0.2753
3672,0.0637
3674,0.2804
3681,0.0802
3686,0.0426
3688,0.0426
3689,0.2756
3690,0.3151
3691,0.0301
3693,0.0798
3696,0.4734
3699,0.1140
3707,0.4580
3714,0.0426
3716,0.0426
3722,0.0798
3729,0.3389
3733,0.1218
3748,0.7626
3752,0.1868
3753,0.0838
3756,0.0802
3760,0.0932
3768,0.9992
3769,0.0426
3772,0.0426
3773,0.3936
3776,0.2783
3781,0.5741
3782,0.0426
3790,0.0426
3793,0.5395
3794,0.0184
3803,0.3290
3804,0.0426
3805,0.3183
3810,0.0426
3811,0.1887
3818,0.4095
3820,0.2783
3826,0.0184
3830,0.0932
3832,0.0802
3835,0.0938
3845,0.0184
3850,0.0184
3851,0.0426
3852,0.0184
3862,0.0426
3872,0.4724
3874,0.1101
3877,0.0426
3878,0.0426
3885,0.2205
3889,0.5994
3890,0.0426
3894,0.0307
3902,0.2822
3903,0.0426
3911,0.0426
3912,0.1117
3918,0.0802
3919,0.1718
3924,0.2844
3925,0.1100
3930,0.0426
3934,0.0907
3939,0.8395
3940,0.9976
3942,0.0426
3944,0.1626
3945,0.0426
3953,0.4702
3954,0.0426
3957,0.0798
3959,0.0341
3970,0.9908
3973,0.0557
3981,0.1718
3982,0.1959
3984,0.2762
3994,0.0184
3997,0.0426
4003,0.0426
4008,0.0426
4016,0.3745
4018,0.3105
4021,0.0778
4035,0.9994
4038,0.0426
4039,0.0426
4042,0.5558
4046,0.9996
4056,0.0426
4063,0.8750
4064,0.9981
4065,0.7387
4066,0.0184
4070,0.1867
4072,0.0426
4075,0.0301
4077,0.5752
4094,0.6725
4096,0.1132
4097,0.1130
4098,0.0426
4104,0.0184
4109,0.3172
4116,0.3311
4118,0.2325
4125,0.1762
4127,0.0557
4135,0.0426
4140,0.2409
4143,0.0426
4145,0.1936
4159,0.0203
4165,0.1172
4169,0.0802
4170,0.0184
4178,0.2783
4183,0.0511
4186,0.2775
4187,0.1074
4191,0.0426
4194,0.8815
4196,0.9911
4202,0.0426
4203,0.0426
4207,0.0426
4216,0.2675
4217,0.0851
4219,0.9994
4224,0.9904
4226,0.0426
4227,0.0426
4233,0.2786
4242,0.4004
4244,0.5148
4247,0.3801
4254,0.9996
4260,0.0426
4261,0.2762
4263,0.0426
4269,0.9986
4271,0.0426
4281,0.0184
4284,0.0511
4293,0.0184
4298,0.0426
4301,0.2783
4302,0.0426
4319,0.1006
4322,0.8739
4323,0.0426
4327,0.0802
4329,0.1883
4330,0.2783
4333,0.0426
4337,0.8250
4345,0.3491
4346,0.0802
4348,0.0426
4356,0.0184
4368,0.2013
4371,0.0426
4377,0.0805
4378,0.2823
4388,0.0802
4402,0.0184
4407,0.0426
4408,0.4040
4410,0.1398
4412,0.0426
4413,0.0798
4414,0.3277
4415,0.0426
4423,0.0426
4424,0.1270
4426,0.2773
4428,0.0426
4436,0.2862
4452,0.2198
4459,0.8286
4464,0.1132
4467,0.0926
4469,0.0426
4470,0.0798
4473,0.1655
4474,0.0184
4477,0.0426
4484,0.0426
4485,0.1172
4487,0.1718
4488,0.1875
4489,0.1678
4491,0.0184
4501,0.2783
4510,0.0426
4511,0.7184
4523,0.5058
4528,0.0426
4543,0.1954
4545,0.1205
4549,0.7213
4554,0.0426
4556,0.0802
4559,0.1449
4562,0.4980
4564,0.2786
4569,0.1593
4573,0.0426
4574,0.0802
4593,0.9904
4594,0.0426
4595,0.1240
4600,0.0426
4603,0.0426
4604,0.7862
4616,0.1304
4623,0.1112
4626,0.6692
4628,0.0184
4629,0.1030
4630,0.9991
4635,0.0426
4643,0.0426
4650,0.5111
4651,0.3868
4668,0.0802
4671,0.0184
4672,0.0511
4676,0.0184
4677,0.0426
4689,0.1007
4690,0.0184
4691,0.3411
4706,0.3164
4707,0.1655
4717,0.1026
4722,0.0426
4724,0.0184
4727,0.0426
4728,0.0184
4736,0.9994
4742,0.0426
4747,0.0426
4748,0.0184
4750,0.1031
4752,0.1655
4763,0.0426
4771,0.0184
4775,0.1096
4777,0.9952
4780,0.0426
4785,0.7277
4788,0.0426
4789,0.0932
4790,0.9991
4791,0.0426
4797,0.5151
4800,0.0184
4801,0.8511
4813,0.0426
4815,0.0426
4816,0.5030
4818,0.0426
4820,0.1564
4829,0.0802
4832,0.0426
4835,0.3227
4836,0.0426
4839,0.3365
4845,0.9250
4846,0.0511
4848,0.1007
4849,0.0761
4857,0.0426
4858,0.3509
4863,0.9775
4872,0.0426
4876,0.9992
4882,0.1137
4885,0.0511
4896,0.6537
4897,0.5524
4901,0.0426
4904,0.0426
4910,0.3953
4915,0.3361
4916,0.8648
4924,0.0426
4926,0.3121
4927,0.3213
4928,0.0426
4932,0.1883
4938,0.0426
4940,0.0426
4948,0.0426
4951,0.3290
4960,0.3172
4976,0.9674
4985,0.0184
4986,0.0426
4992,0.2807
4993,0.7510
4997,0.0184
5008,0.0802
5012,0.9835
5025,0.5439
5026,0.3076
5028,0.0184
5030,0.2149
5031,0.2016
5034,0.3726
5037,0.0426
5039,0.0426
5041,0.3506
5046,0.0184
5047,0.2783
5048,0.0802
5055,0.0426
5060,0.6395
5064,0.0184
5066,0.2954
5069,0.1484
5072,0.0426
5077,0.3151
5084,0.0426
5089,0.0426
5090,0.1912
5091,0.2793
5093,0.0426
5095,0.0184
5101,0.5289
5103,0.0426
5104,0.1009
5106,0.0557
5107,0.9993
5109,0.0184
5112,0.0426
5114,0.1117
5115,0.1172
5123,0.0426
5127,0.1898
5128,0.2117
5129,0.0805
5137,0.1440
5138,0.2298
5143,0.0426
5144,0.2383
5150,0.0778
5151,0.1075
5157,0.0426
5160,0.0426
5165,0.1116
5170,0.0184
5173,0.9904
5182,0.9978
5183,0.0426
5187,0.0426
5188,0.2350
5203,0.0184
5207,0.0184
5208,0.3162
5210,0.0426
5217,0.0184
5218,0.0426
5223,0.0426
5227,0.2756
5230,0.8877
5232,0.0184
5233,0.9984
5236,0.2298
5245,0.0184
5248,0.0426
5249,0.9842
5252,0.8355
5261,0.8810
5264,0.3129
5267,0.2436
5268,0.0426
5269,0.0504
5271,0.5590
5274,0.0426
5275,0.0511
5280,0.0426
5281,0.1920
5284,0.0426
5285,0.2677
5291,0.5561
5297,0.3932
5302,0.0426
5303,0.0184
5304,0.1727
5306,0.3461
5309,0.0426
5317,0.0798
5320,0.5302
5321,0.0235
5326,0.3595
5328,0.0802
5329,0.1284
5333,0.5726
5336,0.6109
5337,0.2298
5343,0.1573
5348,0.9962
5351,0.0426
5352,0.0802
5353,0.0802
5356,0.0799
5366,0.2775
5368,0.0798
5372,0.2349
5380,0.0426
5386,0.0511
5387,0.0426
5388,0.4279
5391,0.0907
5397,0.3164
5399,0.2775
5400,0.1875
5408,0.2298
5409,0.0426
5413,0.1467
5414,0.5069
5418,0.5028
5419,0.0674
5420,0.0426
5423,0.9992
5425,0.0426
5427,0.0426
5428,0.5542
5433,0.1952
5434,0.0184
5435,0.0426
5441,0.3281
5447,0.2793
5451,0.0426
5457,0.3372
5463,0.1164
5465,0.0805
5470,0.0426
5477,0.1272
5478,0.0426
5480,0.0426
5483,0.0426
5486,0.0511
5487,0.1177
5492,0.0426
5496,0.0426
5497,0.1148
5503,0.0778
5507,0.3121
5522,0.0787
5536,0.2791
5544,0.3479
5549,0.6404
5554,0.0426
5561,0.0426
5566,0.9995
5569,0.0798
5574,0.5142
5578,0.0938
5580,0.3936
5590,0.0426
5591,0.0426
5628,0.0798
5635,0.6786
5640,0.7509
5644,0.0952
5657,0.9998
5665,0.0426
5671,0.0426
5684,0.2783
5691,0.0426
5695,0.0426
5697,0.0426
5704,0.0426
5707,0.0184
5711,0.0184
5713,0.5697
5717,0.0426
5718,0.0426
5719,0.8699
5720,0.0426
5722,0.0802
5727,0.9994
5728,0.0426
5731,0.1172
5736,0.0426
5738,0.0426
5744,0.0426
5747,0.1131
5748,0.0426
5749,0.4069
5750,0.2743
5751,0.0426
5755,0.5260
5760,0.0511
5762,0.1172
5763,0.0926
5774,0.3188
5775,0.4083
5778,0.1893
5780,0.5318
5788,0.0426
5797,0.3225
5807,0.0426
5811,0.2646
5814,0.0511
5815,0.0798
5822,0.4883
5823,0.2792
5827,0.0426
5833,0.0426
5835,0.1718
5838,0.3188
5852,0.0426
5857,0.0426
5860,0.1232
5871,0.0426
5883,0.0862
5895,0.0426
5899,0.1718
5900,0.0802
5905,0.4976
5926,0.0426
5930,0.0798
5937,0.0511
5943,0.0426
5951,0.0426
5954,0.1140
5957,0.1560
5958,0.0184
5960,0.0426
5966,0.9051
5978,0.0511
5982,0.2941
5990,0.0426
5998,0.0802
6004,0.3006
6005,0.0802
6019,0.1140
6027,0.0426
6030,0.0426
6035,0.0426
6045,0.0426
6046,0.0794
6047,0.4067
6052,0.1504
6060,0.2024
6061,0.1784
6066,0.6444
6076,0.9995
6077,0.1172
6084,0.4799
6087,0.0426
6093,0.0426
6096,0.2783
6098,0.1409
6099,0.9995
6108,0.0426
6120,0.3310
6125,0.0426
6136,0.5820
6140,0.0426
6142,0.9992
6145,0.1883
6146,0.0426
6147,0.0184
6151,0.0426
6154,0.0426
6158,0.0426
6161,0.0426
6164,0.3175
6172,0.0426
6177,0.0426
6178,0.2501
6180,0.0426
6188,0.0184
6193,0.2327
6194,0.0426
6195,0.0184
6196,0.1087
6204,0.2076
6205,0.0184
6220,0.0426
6221,0.0307
6225,0.5321
6227,0.0298
6229,0.0426
6231,0.0184
6232,0.0426
6235,0.3978
6241,0.0426
6251,0.2783
6254,0.9993
6255,0.9842
6265,0.4697
6273,0.0280
6289,0.1030
6291,0.3274
6296,0.2125
6298,0.0802
6309,0.0426
6311,0.0778
6312,0.9455
6314,0.8825
6316,0.0426
6330,0.0426
6340,0.1061
6341,0.0426
6347,0.5618
6348,0.2793
6351,0.2385
6359,0.0184
6362,0.0426
6363,0.0426
6365,0.0184
6368,0.0426
6371,0.0184
6382,0.0426
6385,0.3023
6387,0.2832
6389,0.4156
6392,0.8807
6395,0.1131
6408,0.0426
6409,0.1883
6411,0.4147
6414,0.1655
6420,0.0426
6425,0.0426
6433,0.0426
6434,0.0184
6437,0.0926
6438,0.0426
6440,0.7118
6448,0.4444
6449,0.8078
6460,0.9925
6469,0.0426
6475,0.4844
6477,0.0426
6494,0.5364
6501,0.1118
6504,0.0426
6511,0.2304
6513,0.1977
6514,0.7950
6516,0.0304
6520,0.0426
6523,0.0184
6526,0.1140
6527,0.0426
6530,0.0802
6534,0.3595
6537,0.0184
6545,0.3964
6549,0.1556
6551,0.0426
6553,0.1007
6559,0.0426
6560,0.0486
6569,0.0426
6570,0.6886
6583,0.0426
6596,0.5157
6604,0.0426
6606,0.0184
6610,0.0426
6611,0.0426
6614,0.9977
6617,0.0426
6621,0.2822
6624,0.9986
6627,0.0745
6630,0.0426
6631,0.0426
6637,0.0802
6643,0.0426
6645,0.0511
6650,0.5220
6653,0.4025
6655,0.0426
6658,0.0426
6660,0.0426
6665,0.0628
6670,0.0426
6675,0.0426
6678,0.9981
6680,0.7091
6685,0.0426
6687,0.0570
6688,0.9235
6694,0.0426
6695,0.0426
6702,0.0184
6709,0.1172
6723,0.0408
6725,0.0426
6728,0.0307
6732,0.0426
6737,0.0426
6741,0.9223
6756,0.1007
6763,0.2792
6765,0.6300
6767,0.8039
6769,0.0184
6776,0.0426
6778,0.0426
6779,0.0426
6780,0.7089
6784,0.0426
6785,0.7185
6788,0.0864
6789,0.0426
6792,0.9991
6793,0.0184
6798,0.9718
6802,0.3617
6804,0.0426
6809,0.0486
6810,0.2186
6813,0.9981
6820,0.0798
6821,0.1488
6826,0.9924
6831,0.0426
6835,0.6434
6868,0.1118
6869,0.3849
6872,0.0426
6874,0.9940
6875,0.1131
6876,0.3716
6882,0.7110
6883,0.0184
6885,0.1074
6887,0.5476
6899,0.0426
6901,0.0426
6905,0.0426
6906,0.0426
6907,0.0426
6909,0.6272
6920,0.0426
6925,0.2298
6931,0.0426
6932,0.1172
6939,0.0426
6944,0.0426
6952,0.3328
6978,0.0926
6985,0.0184
6986,0.0426
6988,0.2753
6989,0.5044
6992,0.0426
6995,0.1116
7002,0.8710
7017,0.5489
7028,0.0426
7038,0.1108
7042,0.1600
7043,0.2762
7051,0.0184
7052,0.9977
7054,0.0511
7056,0.0184
7061,0.0426
7065,0.0426
7068,0.3151
7077,0.0426
7084,0.1912
7085,0.4904
7086,0.6102
7093,0.0803
7096,0.2775
7098,0.0426
7101,0.1718
7102,0.1270
7106,0.1140
7114,0.6823
7117,0.0426
7118,0.2772
7122,0.0426
7130,0.9902
7140,0.1102
7141,0.0426
7144,0.0802
7147,0.5306
7150,0.6457
7156,0.5173
7157,0.1031
7159,0.0426
7160,0.0426
7177,0.0184
7179,0.7021
7181,0.0426
7182,0.7725
7185,0.4756
7186,0.1718
7188,0.8781
7189,0.0426
7191,0.0426
7205,0.0426
7207,0.1172
7208,0.0426
7210,0.0838
7211,0.3418
7214,0.0184
7216,0.2546
7217,0.0426
7219,0.2762
7221,0.1941
7222,0.0426
7223,0.0426
7224,0.0184
7226,0.0426
7227,0.0511
7228,0.0798
7229,0.0426
7231,0.0802
7235,0.0426
7237,0.0426
7243,0.0426
7246,0.1142
7249,0.0426
7252,0.3188
7253,0.1250
7259,0.0426
7263,0.0754
7267,0.0426
7269,0.1909
7274,0.3507
7275,0.0426
7276,0.0184
7278,0.0426
7286,0.2350
7288,0.1101
7291,0.0426
7304,0.0426
7308,0.3324
7310,0.0426
7315,0.0426
7318,0.0426
7326,0.1835
7328,0.3277
7339,0.6449
7340,0.0426
7347,0.3337
7360,0.7217
7361,0.2743
7363,0.0184
7365,0.0184
7369,0.0184
7373,0.3198
7374,0.9993
7379,0.3939
7388,0.0798
7391,0.0426
7406,0.1702
7408,0.9966
7410,0.0426
7413,0.0298
7416,0.0426
7419,0.0184
7426,0.2970
7427,0.1508
7432,0.0862
7435,0.0184
7439,0.0203
7443,0.0426
7445,0.8770
7446,0.7064
7448,0.0511
7460,0.0426
7464,0.0449
7472,0.0926
7473,0.1567
7476,0.0426
7477,0.1172
7479,0.0426
7482,0.8061
7486,0.0774
7490,0.0426
7492,0.9981
7498,0.1520
7500,0.3502
7508,0.4572
7511,0.0426
7516,0.0426
7518,0.0802
7519,0.0886
7520,0.0426
7524,0.3407
7527,0.1148
7528,0.2783
7530,0.0426
7531,0.0426
7535,0.0426
7537,0.0426
7539,0.2783
7543,0.2204
7548,0.0426
7550,0.3198
7555,0.0426
7572,0.9994
7573,0.3549
7577,0.0511
7583,0.0184
7592,0.0426
7594,0.0426
7595,0.0820
7597,0.1556
7598,0.0426
7601,0.5519
7603,0.4936
7609,0.0184
7610,0.0557
7613,0.1102
7617,0.0298
7619,0.0426
7635,0.0426
7638,0.5153
7641,0.0184
7643,0.0298
7650,0.2784
7655,0.0426
7669,0.0426
7671,0.0184
7672,0.0802
7686,0.0426
7689,0.0426
7696,0.0761
7698,0.4090
7700,0.0426
7701,0.0426
7703,0.0426
7706,0.8612
7710,0.4315
7711,0.1030
7719,0.9963
7722,0.0426
7723,0.2945
7724,0.0426
7727,0.0426
7731,0.6803
7737,0.0426
7747,0.0184
7748,0.0928
7749,0.0426
7759,0.0426
7764,0.1007
7770,0.1762
7771,0.0426
7786,0.0426
7792,0.9996
7794,0.1218
7796,0.2743
7797,0.0426
7800,0.2278
7806,0.0184
7808,0.6565
7828,0.0426
7829,0.3006
7832,0.5199
7834,0.2753
7840,0.0557
7842,0.1153
7843,0.0184
7850,0.0426
7857,0.3172
7876,0.0426
7878,0.4639
7880,0.0426
7882,0.0862
7894,0.0511
7898,0.2012
7902,0.0184
7915,0.9994
7918,0.3963
7919,0.0675
7920,0.1998
7930,0.1912
7932,0.0426
7933,0.1140
7938,0.9918
7942,0.0184
7950,0.0184
7954,0.9976
7956,0.2822
7961,0.2809
7969,0.2099
7972,0.0426
7974,0.0426
7976,0.6716
7980,0.1296
7981,0.0184
7982,0.0426
7984,0.1771
7985,0.0426
7989,0.2514
7990,0.0426
7993,0.0426
7994,0.4424
8002,0.0298
8006,0.2783
8007,0.6565
8008,0.2786
8016,0.0862
8020,0.0426
8029,0.4165
8042,0.2863
8047,0.0184
8064,0.9985
8067,0.0426
8070,0.0805
8076,0.0426
8078,0.0184
8081,0.0426
8083,0.0625
8085,0.1065
8089,0.0184
8090,0.1074
8093,0.0173
8095,0.0802
8100,0.0426
8104,0.0802
8107,0.0426
8108,0.0184
8109,0.1570
8111,0.0557
8121,0.2713
8123,0.0557
8144,0.1884
8146,0.0426
8147,0.8679
8148,0.0426
8153,0.3965
8158,0.0426
8163,0.9904
8173,0.3151
8178,0.1239
8183,0.0426
8187,0.7952
8189,0.0426
8195,0.0426
8197,0.0426
8209,0.4039
8210,0.2786
8211,0.0426
8212,0.1031
8213,0.0761
8214,0.0426
8215,0.0426
8221,0.5750
8224,0.0426
8227,0.1069
8230,0.3729
8236,0.0426
8237,0.3352
8238,0.0426
8241,0.6837
8243,0.3893
8244,0.0426
8246,0.0426
8248,0.0426
8255,0.0426
8256,0.0184
8257,0.2017
8258,0.0426
8266,0.1604
8268,0.0426
8270,0.2981
8285,0.0409
8286,0.9952
8287,0.0184
8293,0.1858
8313,0.1635
8314,0.1516
8316,0.0426
8317,0.2742
8321,0.0687
8323,0.0184
8330,0.6882
8333,0.0426
8336,0.6030
8340,0.9949
8341,0.0426
8347,0.0426
8349,0.2762
8357,0.0426
8365,0.0184
8366,0.2017
8367,0.0184
8368,0.1851
8369,0.0426
8378,0.0426
8380,0.0426
8381,0.1137
8390,0.9922
8393,0.4169
8395,0.0426
8408,0.0426
8414,0.2822
8425,0.3267
8430,0.9987
8434,0.3274
8437,0.0184
8440,0.2753
8445,0.0426
8448,0.0426
8449,0.0426
8451,0.0798
8452,0.1101
8463,0.0426
8469,0.3492
8479,0.0426
8488,0.0184
8495,0.9994
8497,0.2793
8502,0.2783
8505,0.1655
8506,0.0426
8510,0.0426
8511,0.2076
8513,0.0426
8514,0.1040
8515,0.1122
8516,0.0528
8518,0.4812
8520,0.3111
8521,0.0511
8534,0.1877
8540,0.0426
8541,0.0426
8544,0.2563
8549,0.0184
8550,0.5091
8553,0.0426
8556,0.0426
8561,0.0798
8562,0.0511
8563,0.0426
8564,0.0184
8567,0.0846
8568,0.3277
8572,0.0805
8573,0.0426
8585,0.9992
8586,0.0184
8588,0.6123
8590,0.8558
8599,0.4961
8601,0.0426
8608,0.1352
8611,0.9800
8614,0.0426
8621,0.0426
8626,0.0426
8629,0.0426
8630,0.0426
8633,0.0184
8640,0.6400
8644,0.4790
8658,0.6043
8659,0.0426
8663,0.0184
8668,0.0298
8670,0.9981
8674,0.9991
8676,0.4947
8684,0.0486
8687,0.9993
8688,0.3850
8697,0.0426
8698,0.9969
8699,0.0426
8707,0.9994
8708,0.2762
8709,0.9996
8713,0.3822
8716,0.3609
8720,0.9976
8728,0.9992
8730,0.6700
8736,0.9079
8752,0.0460
8754,0.9992
8762,0.0184
8769,0.9993
8772,0.7407
8782,0.0184
8789,0.2799
8794,0.5929
8797,0.0184
8804,0.3437
8809,0.0926
8813,0.1192
8819,0.2773
8821,0.0426
8822,0.2994
8824,0.9393
8828,0.0426
8831,0.0426
8832,0.0184
8836,0.1208
8838,0.1718
8839,0.3708
8841,0.2350
8842,0.1172
8844,0.0426
8848,0.3380
8849,0.1655
8854,0.1425
8859,0.0501
8861,0.4048
8868,0.3122
8876,0.1762
8878,0.1100
8879,0.0426
8888,0.0426
8896,0.2160
8902,0.6655
8909,0.0426
8912,0.0486
8918,0.0426
8920,0.1644
8927,0.0426
8928,0.0184
8933,0.1772
8934,0.6545
8944,0.0557
8948,0.1171
8952,0.0184
8957,0.0426
8961,0.0186
8962,0.0426
8966,0.0426
8968,0.8908
8970,0.5669
8974,0.5428
8975,0.0798
8980,0.0426
8985,0.1148
8991,0.0426
8999,0.0426
9006,0.0812
9009,0.0426
9017,0.0802
9030,0.0426
9032,0.5144
9033,0.0426
9034,0.9995
9041,0.0426
9042,0.0426
9043,0.0426
9044,0.1655
9045,0.7688
9046,0.2779
9051,0.0426
9054,0.3013
9058,0.0426
9064,0.2680
9074,0.8613
9078,0.2524
9081,0.2783
9082,0.1074
9084,0.0745
9085,0.9993
9086,0.0426
9106,0.0184
9108,0.1771
9111,0.2394
9116,0.0184
9120,0.0184
9134,0.9996
9143,0.0184
9144,0.3146
9146,0.0426
9147,0.0511
9148,0.2783
9150,0.7647
9159,0.9918
9161,0.2365
9163,0.0426
9166,0.0298
9174,0.9918
9175,0.8189
9183,0.0426
9184,0.0426
9192,0.1132
9195,0.0752
9196,0.0426
9202,0.0426
9214,0.0862
9216,0.2773
9222,0.1118
9223,0.9985
9231,0.3330
9235,0.1561
9240,0.1140
9245,0.0426
9260,0.3374
9261,0.3178
9262,0.5543
9268,0.0426
9276,0.0184
9279,0.9956
9283,0.0426
9289,0.0426
9292,0.9987
9298,0.1718
9300,0.0426
9305,0.1565
9311,0.0426
9312,0.0426
9323,0.0426
9326,0.0184
9327,0.0426
9328,0.1485
9329,0.0426
9330,0.1949
9335,0.9998
9339,0.0184
9344,0.0426
9346,0.2218
9347,0.0563
9349,0.8214
9353,0.0307
9356,0.0798
9368,0.0862
9370,0.0426
9372,0.0511
9374,0.5557
9375,0.0426
9379,0.0184
9382,0.1858
9384,0.1858
9389,0.0540
9392,0.0511
9397,0.0426
9400,0.2803
9405,0.9981
9409,0.5834
9414,0.0426
9418,0.0413
9423,0.1140
9424,0.0426
9426,0.0184
9429,0.4312
9431,0.0298
9434,0.1031
9442,0.1718
9444,0.0310
9445,0.0184
9450,0.0802
9451,0.0426
9452,0.4936
9454,0.5558
9455,0.0798
9457,0.0184
9458,0.0184
9471,0.0184
9473,0.0360
9475,0.1550
9486,0.0426
9490,0.0511
9498,0.0802
9499,0.1655
9505,0.6592
9506,0.1622
9513,0.1009
9515,0.0511
9518,0.0298
9524,0.9983
9525,0.0426
9527,0.9985
9533,0.5314
9536,0.0426
9548,0.0426
9553,0.2783
9556,0.2808
9558,0.0511
9562,0.3096
9568,0.0426
9575,0.2791
9577,0.1285
9581,0.1172
9584,0.1172
9586,0.9994
9598,0.8063
9599,0.0426
9600,0.6302
9603,0.5858
9615,0.2783
9616,0.0184
9618,0.0426
9620,0.1137
9625,0.7739
9626,0.5401
9637,0.1172
9640,0.0426
9643,0.0426
9646,0.0926
9650,0.4106
9654,0.7468
9657,0.6600
9666,0.0426
9668,0.0426
9669,0.0184
9676,0.0184
9679,0.0426
9680,0.0426
9681,0.0426
9684,0.2550
9686,0.1118
9707,0.8566
9714,0.1200
9715,0.2792
9719,0.3131
9728,0.3367
9729,0.2792
9732,0.5705
9736,0.4469
9738,0.0184
9747,0.0426
9748,0.6103
9750,0.2778
9753,0.0184
9755,0.5657
9758,0.1304
9767,0.0426
9768,0.0426
9769,0.0426
9771,0.0426
9776,0.9989
9782,0.0298
9788,0.9904
9795,0.0426
9798,0.6387
9810,0.1404
9816,0.0794
9818,0.0426
9819,0.0184
9823,0.0426
9832,0.0426
9836,0.2789
9839,0.3521
9840,0.0426
9846,0.0426
9847,0.1153
9853,0.1153
9854,0.0184
9856,0.6573
9857,0.0511
9858,0.8755
9865,0.7197
9866,0.3279
9870,0.0778
9875,0.0426
9882,0.1074
9886,0.3733
9890,0.1172
9892,0.0426
9894,0.8123
9896,0.2753
9897,0.2786
9904,0.0184
9910,0.3213
9911,0.1909
9912,0.0426
9932,0.2049
9934,0.6267
9939,0.3136
9948,0.0426
9958,0.0511
9963,0.7479
9968,0.1909
9969,0.0426
9972,0.1490
9979,0.0426
9982,0.0426
9985,0.0426
9987,0.4335
9990,0.2783
10012,0.1172
10014,0.2081
10017,0.0557
10026,0.0184
10032,0.9994
10034,0.0802
10039,0.3961
10041,0.4235
10042,0.4949
10046,0.2762
10048,0.0511
10049,0.0426
10052,0.9668
10054,0.0426
10056,0.9993
10057,0.8806
10064,0.8168
10067,0.2743
10069,0.0426
10071,0.0557
10076,0.9775
10083,0.6771
10087,0.0184
10089,0.0426
10096,0.1131
10103,0.0528
10104,0.0557
10107,0.0511
10112,0.0766
10114,0.6398
10129,0.6649
10133,0.4539
10138,0.0426
10140,0.9976
10145,0.0426
10147,0.0426
10153,0.0426
10166,0.0426
10169,0.1771
10174,0.4228
10179,0.3248
10180,0.6089
10186,0.3186
10196,0.1858
10205,0.9664
10210,0.0802
10217,0.4561
10221,0.0426
10222,0.9993
10228,0.0426
10244,0.9922
10246,0.0426
10248,0.0184
10249,0.2756
10253,0.2867
10258,0.1249
10259,0.0426
10264,0.0426
10273,0.0426
10285,0.0426
10291,0.0426
10292,0.1172
10297,0.0426
10310,0.2953
10315,0.0426
10321,0.1172
10323,0.0426
10333,0.9973
10336,0.0426
10340,0.0511
10344,0.0426
10345,0.0511
10346,0.0426
10348,0.1172
10352,0.0802
10357,0.0426
10366,0.0426
10374,0.2783
10376,0.2772
10378,0.2034
10382,0.5318
10384,0.0426
10386,0.2793
10387,0.9047
10395,0.3070
10403,0.1474
10405,0.9995
10410,0.3418
10413,0.1190
10414,0.0426
10416,0.0426
10420,0.0184
10423,0.0426
10424,0.0184
10427,0.0184
10429,0.0707
10430,0.2783
10448,0.5710
10451,0.0426
10452,0.1875
10456,0.1912
10464,0.0426
10471,0.4081
10474,0.9996
10476,0.0360
10478,0.0426
10482,0.3822
10489,0.1137
10490,0.0426
10492,0.9972
10493,0.1102
10497,0.0426
10499,0.3474
10501,0.2783
10507,0.0426
10517,0.0975
10518,0.9947
10520,0.5330
10522,0.2772
10529,0.0972
10531,0.3343
10532,0.2945
10538,0.0932
10539,0.0184
10547,0.0426
10549,0.6519
10564,0.0426
10567,0.3069
10578,0.2783
10581,0.6452
10582,0.2340
10583,0.2762
10587,0.0798
10589,0.1103
10609,0.1398
10614,0.3213
10617,0.1480
10620,0.0426
10623,0.6483
10625,0.2713
10629,0.0298
10632,0.0426
10646,0.0862
10648,0.0071
10649,0.0184
10650,0.8733
10653,0.0557
10657,0.0926
10661,0.2791
10663,0.3198
10664,0.0426
10669,0.2783
10671,0.1959
10673,0.1688
10674,0.4566
10677,0.1650
10678,0.2783
10686,0.1825
10687,0.0426
10691,0.0426
10692,0.6485
10693,0.0802
10696,0.1753
10697,0.6684
10699,0.2074
10701,0.3311
10702,0.2783
10705,0.0426
10718,0.0561
10722,0.5913
10726,0.0426
10737,0.0184
10739,0.9967
10744,0.3496
10750,0.2351
10754,0.3421
10760,0.0426
10761,0.0344
10772,0.0184
10778,0.0307
10784,0.3172
10790,0.1140
10796,0.0426
10800,0.1858
10804,0.0426
10812,0.3565
10815,0.9993
10816,0.9984
10818,0.0071
10819,0.3231
10821,0.1115
10822,0.0426
10826,0.5388
10829,0.3957
10832,0.0426
10840,0.0932
10841,0.3990
10842,0.0426
10846,0.0511
10849,0.0426
10851,0.0184
10861,0.1218
10866,0.0426
10868,0.1408
10870,0.0426
10872,0.1172
10876,0.0426
10879,0.0631
10880,0.7150
10881,0.0184
10883,0.1756
10906,0.1397
10909,0.0584
10917,0.1108
10924,0.0426
10929,0.0426
10936,0.1556
10943,0.4577
10947,0.1172
10966,0.0426
10967,0.0426
10975,0.1007
10977,0.1073
10979,0.0426
10983,0.3427
10984,0.0426
10986,0.0184
10990,0.2783
10991,0.0794
10994,0.0862
11001,0.0761
11003,0.3151
11007,0.0798
11012,0.3071
11014,0.9994
11015,0.0426
11019,0.9915
11028,0.0426
11030,0.0184
11031,0.1118
11033,0.0426
11035,0.9977
11037,0.9996
11047,0.0426
11053,0.4439
11055,0.1031
11056,0.0426
11065,0.9005
11082,0.0426
11085,0.1140
11086,0.0426
11090,0.0426
11098,0.2791
11099,0.0802
11111,0.9973
11112,0.0298
11113,0.9994
11117,0.0184
11120,0.9957
11122,0.1753
11124,0.0426
11130,0.0802
11131,0.0426
11137,0.9994
11138,0.0184
11139,0.0426
11141,0.0426
11150,0.0184
11151,0.0426
11152,0.2783
11155,0.4700
11157,0.0184
11169,0.9992
11170,0.0426
11174,0.8580
11179,0.1650
11181,0.1616
11186,0.0426
11191,0.2192
11192,0.0184
11196,0.0184
11204,0.0426
11206,0.1172
11207,0.0426
11209,0.2783
11210,0.2839
11222,0.0298
11223,0.4864
11227,0.2831
11232,0.0184
11233,0.1901
11235,0.0426
11238,0.3006
11242,0.0426
11243,0.0426
11246,0.0426
11260,0.0426
11268,0.0426
11269,0.0426
11271,0.0298
11272,0.1899
11273,0.3681
11277,0.0426
11289,0.1516
11303,0.1718
11304,0.0426
11306,0.2331
11307,0.1137
11313,0.0802
11315,0.0426
11318,0.0426
11325,0.1291
11326,0.9675
11330,0.0557
11338,0.0426
11343,0.0426
11349,0.9958
11350,0.0184
11367,0.2762
11374,0.4214
11377,0.0426
11379,0.0802
11380,0.0426
11383,0.1655
11387,0.0426
11388,0.1270
11389,0.2163
11391,0.2783
11399,0.0778
11407,0.0426
11411,0.1771
11414,0.0426
11415,0.0426
11417,0.2773
11419,0.0426
11426,0.5349
11430,0.0184
11440,0.3027
11448,0.0184
11450,0.0426
11456,0.0295
11463,0.0426
11477,0.1556
11478,0.3024
11481,0.0426
11486,0.0805
11500,0.4760
11501,0.6980
11514,0.1137
11521,0.0184
11525,0.9768
11526,0.1762
11529,0.1117
11536,0.1065
11543,0.0426
11544,0.9914
11545,0.0184
11558,0.2517
11569,0.9904
11571,0.0426
11572,0.0426
11581,0.1030
11584,0.4618
11585,0.0426
11586,0.8914
11589,0.2775
11595,0.0184
11606,0.0426
11608,0.9963
11609,0.0184
11611,0.3456
11617,0.9181
11619,0.9996
11622,0.0932
11625,0.0426
11630,0.8668
11631,0.8529
11635,0.1770
11637,0.0426
11638,0.0426
11645,0.0802
11660,0.0426
11664,0.6885
11665,0.2379
11667,0.0426
11671,0.0426
11674,0.9993
11682,0.9995
11695,0.1713
11703,0.0426
11706,0.0426
11707,0.0426
11712,0.1718
11717,0.5253
11722,0.0426
11724,0.0426
11727,0.2775
11732,0.4716
11734,0.0426
11739,0.1101
11741,0.0426
11742,0.0426
11745,0.2772
11749,0.6127
11754,0.0426
11756,0.0426
11758,0.0426
11764,0.0184
11777,0.3386
11780,0.0426
11781,0.9994
11788,0.0426
11807,0.0426
11808,0.6931
11811,0.0426
11823,0.0426
11829,0.0426
11832,0.1867
11834,0.0557
11835,0.1074
11838,0.0426
11843,0.0184
11849,0.0426
11855,0.0184
11856,0.1172
11859,0.1836
11865,0.1556
11870,0.0426
11871,0.0426
11874,0.2772
11877,0.0451
11881,0.3198
11885,0.0426
11892,0.0426
11899,0.5409
11901,0.0426
11907,0.0426
11911,0.6544
11913,0.9995
11921,0.2850
11923,0.5198
11924,0.0426
11926,0.6734
11928,0.3279
11933,0.0426
11934,0.0802
11938,0.0426
11939,0.3198
11944,0.0426
11946,0.2209
11948,0.0184
11949,0.0426
11963,0.0426
11967,0.0687
11971,0.0426
11977,0.0426
11979,0.9635
11980,0.1778
11981,0.0511
11982,0.0426
11984,0.9996
11985,0.3517
11988,0.0426
11990,0.0342
11991,0.0426
11998,0.9987
12008,0.2793
12021,0.4910
12023,0.9981
12031,0.0426
12035,0.2736
12037,0.0426
12047,0.0798
12051,0.0460
12064,0.0802
12065,0.0184
12066,0.2736
12076,0.2992
12078,0.0184
12085,0.7057
12089,0.0426
12095,0.3183
12106,0.0426
12109,0.0184
12113,0.3198
12114,0.1007
12117,0.0511
12122,0.1573
12123,0.9068
12125,0.2792
12128,0.0802
12129,0.1270
12132,0.0426
12137,0.0426
12138,0.0424
12150,0.3880
12152,0.0426
12155,0.2822
12161,0.9253
12162,0.9993
12170,0.0426
12174,0.1884
12175,0.6567
12183,0.0511
12184,0.8733
12187,0.1137
12188,0.5837
12194,0.2753
12199,0.2906
12200,0.0426
12210,0.1140
12212,0.2783
12220,0.1590
12223,0.0511
12224,0.8750
12227,0.0426
12228,0.0304
12229,0.0451
12230,0.0426
12239,0.0926
12244,0.0426
12252,0.0761
12258,0.6985
12260,0.0426
12267,0.3951
12270,0.4156
12287,0.0426
12289,0.0426
12290,0.4388
12302,0.0426
12306,0.1655
12314,0.1863
12318,0.0184
12322,0.9920
12326,0.1137
12332,0.0426
12339,0.2279
12343,0.0426
12345,0.1074
12346,0.2783
12355,0.1172
12357,0.0511
12360,0.0184
12370,0.0426
12383,0.3985
12389,0.5121
12392,0.9996
12394,0.0426
12400,0.1171
12408,0.0426
12412,0.3031
12427,0.2780
12431,0.3085
12435,0.5292
12442,0.0184
12450,0.0184
12451,0.1553
12455,0.0426
12460,0.0184
12464,0.1172
12474,0.0184
12479,0.0184
12480,0.5857
12481,0.0426
12484,0.2775
12487,0.0426
12493,0.0184
12499,0.0426
12504,0.0426
12510,0.1756
12519,0.2713
12521,0.0184
12531,0.0802
12533,0.2740
12536,0.0184
12538,0.4634
12540,0.0426
12541,0.0184
12549,0.1912
12555,0.9994
12559,0.2640
12562,0.1113
12565,0.6004
12575,0.4708
12579,0.2786
12585,0.0184
12594,0.0426
12595,0.0184
12599,0.0184
12602,0.2776
12605,0.0426
12610,0.0426
12612,0.0802
12623,0.0557
12628,0.0952
12631,0.0426
12632,0.5219
12652,0.0184
12653,0.0798
12655,0.3720
12660,0.0511
12664,0.9904
12667,0.0426
12675,0.0184
12677,0.9954
12679,0.7407
12683,0.3910
12684,0.9337
12685,0.0426
12691,0.2517
12693,0.1446
12700,0.1572
12704,0.8169
12707,0.2967
12709,0.0766
12712,0.2783
12713,0.3521
12714,0.2985
12716,0.0426
12718,0.0426
12725,0.9954
12733,0.0184
12743,0.0426
12744,0.0426
12746,0.1172
12748,0.2753
12751,0.0426
12754,0.9968
12759,0.0426
12761,0.3523
12771,0.1040
12775,0.0426
12780,0.0426
12781,0.5802
12783,0.0426
12793,0.1858
12800,0.0426
12802,0.1074
12805,0.0184
12810,0.1376
12813,0.0426
12817,0.0426
12818,0.0486
12823,0.3188
12824,0.0426
12826,0.2762
12827,0.8648
12834,0.1176
12836,0.2048
12844,0.0426
12857,0.9992
12859,0.0426
12860,0.0426
12862,0.0426
12865,0.2792
12879,0.0726
12883,0.8725
12885,0.2081
12902,0.0426
12907,0.3151
12908,0.0298
12914,0.0426
12921,0.7059
12924,0.3348
12925,0.0802
12929,0.0184
12932,0.0889
12933,0.9991
12936,0.0798
12937,0.0426
12943,0.5255
12945,0.2743
12948,0.0426
12949,0.0426
12953,0.0184
12955,0.1218
12956,0.1393
12959,0.0426
12968,0.4418
12987,0.1820
12996,0.1594
12997,0.0298
13002,0.0426
13010,0.0426
13011,0.0426
13012,0.0426
13015,0.2773
13021,0.0426
13024,0.0426
13028,0.0426
13029,0.1040
13031,0.0184
13036,0.0184
13037,0.3261
13038,0.0426
13045,0.4204
13046,0.0426
13047,0.0511
13051,0.0426
13055,0.0426
13056,0.0426
13073,0.0426
13077,0.0426
13078,0.3354
13083,0.0184
13084,0.7349
13089,0.0426
13093,0.3804
13095,0.0426
13099,0.3532
13102,0.0184
13106,0.4284
13109,0.0426
13110,0.1331
13113,0.3030
13117,0.0557
13118,0.0168
13121,0.4855
13123,0.0184
13126,0.0426
13129,0.0426
13132,0.5151
13148,0.6687
13150,0.1480
13153,0.0184
13169,0.1738
13170,0.2957
13174,0.1007
13192,0.0426
13196,0.2477
13215,0.0426
13220,0.0426
13224,0.1397
13226,0.2032
13228,0.3171
13237,0.0426
13246,0.0426
13247,0.8475
13249,0.0426
13253,0.0426
13257,0.0802
13263,0.3763
13264,0.0426
13265,0.9998
13266,0.0184
13276,0.0426
13279,0.5027
13283,0.1573
13285,0.0426
13286,0.0486
13288,0.0802
13295,0.9923
13299,0.0426
13308,0.0203
13319,0.2783
13321,0.0426
13324,0.2244
13325,0.0802
13327,0.0184
13330,0.1567
13332,0.0184
13341,0.0426
13351,0.8883
13358,0.0426
13360,0.6598
13362,0.3784
13370,0.0184
13385,0.9996
13391,0.0426
13394,0.1858
13396,0.0184
13400,0.3519
13405,0.1074
13406,0.2773
13410,0.0426
13411,0.0184
13416,0.2192
13418,0.0802
13420,0.0511
13432,0.1772
13433,0.2783
13435,0.0184
13441,0.3307
13455,0.2775
13457,0.1817
13464,0.0511
13479,0.0426
13492,0.0184
13493,0.0426
13502,0.0802
13503,0.0307
13505,0.5544
13507,0.5575
13508,0.0426
13512,0.0426
13515,0.0426
13518,0.3172
13520,0.1895
13522,0.0426
13525,0.0426
13530,0.9991
13531,0.0802
13538,0.2786
13541,0.0426
13542,0.0184
13546,0.2139
13549,0.6481
13550,0.9995
13557,0.0774
13561,0.2773
13569,0.1218
13572,0.0184
13582,0.0426
13583,0.1070
13586,0.0184
13587,0.0426
13596,0.0184
13597,0.0511
13599,0.6862
13603,0.0511
13604,0.3198
13609,0.0426
13617,0.0184
13619,0.2762
13625,0.0426
13629,0.7209
13630,0.0426
13631,0.0426
13634,0.3570
13639,0.1589
13642,0.1728
13648,0.4605
13658,0.8840
13664,0.3699
13667,0.2778
13670,0.2783
13671,0.2897
13680,0.0426
13681,0.9088
13689,0.2756
13690,0.0802
13693,0.6653
13696,0.9045
13700,0.0184
13701,0.4156
13704,0.1300
13712,0.9992
13713,0.6500
13718,0.0426
13720,0.0184
13728,0.9995
13731,0.0426
13732,0.1718
13733,0.0426
13744,0.6675
13746,0.6648
13747,0.0184
13750,0.0426
13756,0.0426
13760,0.4885
13767,0.0910
13771,0.0426
13772,0.6874
13780,0.3026
13785,0.0426
13788,0.2277
13798,0.9995
13799,0.0426
13804,0.0298
13809,0.9995
13813,0.0426
13815,0.1718
13823,0.0426
13832,0.5396
13836,0.0426
13840,0.2370
13841,0.0426
13849,0.0184
13860,0.0184
13867,0.0426
13872,0.3180
13873,0.6985
13874,0.0426
13881,0.0184
13889,0.0426
13892,0.0426
13893,0.1368
13899,0.0426
13901,0.0426
13930,0.9978
13932,0.0511
13933,0.6632
13934,0.9994
13935,0.7030
13943,0.1131
13945,0.1214
13949,0.1978
13951,0.1772
13956,0.1655
13958,0.0183
13962,0.0426
13967,0.2712
13972,0.0426
13974,0.0280
13976,0.3172
13987,0.2778
13988,0.0184
14000,0.4760
14002,0.8505
14010,0.1359
14013,0.1318
14014,0.3032
14019,0.0426
14026,0.5614
14027,0.2783
14028,0.0426
14029,0.2752
14032,0.3901
14033,0.3690
14034,0.0805
14035,0.0426
14040,0.1858
14042,0.0426
14044,0.0460
14047,0.2772
14056,0.5289
14057,0.0426
14058,0.0557
14064,0.0798
14067,0.0426
14077,0.6958
14086,0.2890
14101,0.0184
14105,0.0426
14106,0.0802
14113,0.0184
14117,0.8515
14120,0.4096
14124,0.2743
14127,0.0426
14130,0.5680
14132,0.0426
14135,0.9991
14138,0.1575
14140,0.0426
14149,0.0486
14151,0.0426
14153,0.9968
14158,0.2783
14163,0.0426
14165,0.8638
14170,0.0184
14171,0.2743
14179,0.0426
14182,0.2116
14183,0.0511
14184,0.0426
14190,0.0426
14192,0.1134
14197,0.2783
14198,0.9993
14210,0.9940
14218,0.1131
14229,0.0184
14230,0.2752
14235,0.1478
14236,0.1172
14244,0.0426
14247,0.0570
14250,0.1556
14252,0.0184
14254,0.0426
14257,0.0184
14262,0.0426
14267,0.0426
14270,0.4243
14272,0.2546
14281,0.2565
14282,0.0426
14283,0.1352
14285,0.3238
14288,0.0184
14290,0.1197
14291,0.0426
14295,0.0426
14296,0.3567
14297,0.0184
14302,0.1381
14303,0.1606
14322,0.9634
14324,0.0426
14331,0.8929
14336,0.0298
14338,0.0426
14342,0.0426
14351,0.2809
14358,0.0802
14359,0.0184
14367,0.0426
14373,0.1794
14375,0.0919
14377,0.2791
14385,0.0426
14391,0.0184
14393,0.2289
14394,0.1640
14399,0.0184
14412,0.5314
14414,0.0426
14415,0.0426
14425,0.2965
14428,0.0184
14430,0.2863
14431,0.1034
14432,0.0184
14435,0.3405
14443,0.2432
14444,0.2783
14448,0.1619
14449,0.4741
14461,0.0511
14471,0.6407
14482,0.2783
14487,0.0798
14496,0.0184
14498,0.2855
14500,0.1655
14505,0.3173
14507,0.2949
14509,0.0426
14511,0.1031
14515,0.0426
14516,0.3340
14519,0.0460
14521,0.0426
14522,0.0426
14527,0.0797
14529,0.0426
14532,0.3521
14537,0.3132
14540,0.9996
14549,0.0426
14552,0.8129
14553,0.2839
14555,0.3663
14557,0.0788
14558,0.5583
14562,0.2775
14563,0.0426
14564,0.6722
14566,0.0184
14572,0.0557
14576,0.1102
14577,0.0426
14579,0.0511
14587,0.5115
14591,0.2783
14592,0.3963
14594,0.0426
14597,0.0802
14601,0.0426
14604,0.0426
14606,0.0184
14608,0.0426
14614,0.2894
14622,0.0802
14627,0.0203
14632,0.3634
14634,0.1490
14635,0.0426
14642,0.0426
14646,0.0426
14650,0.0426
14654,0.2736
14660,0.2533
14671,0.1134
14675,0.1132
14678,0.4185
14684,0.0426
14686,0.0426
14695,0.0761
14698,0.0426
14707,0.0426
14710,0.0184
14715,0.0426
14720,0.0184
14724,0.0184
14725,0.8749
14731,0.8309
14741,0.0426
14744,0.0298
14756,0.0426
14758,0.0184
14760,0.2752
14761,0.3064
14763,0.0184
14764,0.0426
14767,0.0426
14770,0.0426
14783,0.0184
14798,0.0426
14800,0.8854
14804,0.4968
14806,0.2783
14815,0.0184
14822,0.0426
14826,0.0426
14827,0.2775
14829,0.0426
14831,0.0802
14836,0.0426
14837,0.0426
14839,0.0511
14849,0.1920
14851,0.4294
14860,0.0426
14862,0.0426
14868,0.0557
14869,0.0805
14874,0.0184
14877,0.9994
14885,0.0426
14886,0.4431
14892,0.0426
14898,0.0426
14901,0.0426
14902,0.0426
14905,0.1718
14906,0.1472
14911,0.2864
14915,0.8962
14918,0.3674
14923,0.1556
14925,0.0184
14950,0.0426
14959,0.4156
14960,0.0426
14961,0.0426
14973,0.0184
14977,0.0426
14978,0.9904
14982,0.0426
14983,0.0426
14988,0.0426
14989,0.3959
14997,0.0184
14998,0.0184
15000,0.0426
15004,0.0426
15005,0.3757
15012,0.7111
15013,0.0426
15018,0.0184
15019,0.0426
15021,0.3914
15026,0.0426
15027,0.1071
15038,0.0511
15040,0.0184
15044,0.0426
15048,0.0426
15049,0.3309
15050,0.1122
15060,0.0184
15066,0.0426
15076,0.0426
15090,0.3172
15092,0.5269
15094,0.0426
15097,0.0426
15103,0.3458
15108,0.0802
15111,0.0184
15115,0.0426
15121,0.0486
15128,0.0426
15138,0.0203
15139,0.0184
15140,0.1343
15141,0.0426
15143,0.1912
15151,0.1371
15159,0.0184
15163,0.0184
15164,0.1137
15165,0.9904
15166,0.2812
15167,0.0426
15174,0.0426
15179,0.3024
15183,0.0426
15187,0.1936
15190,0.3435
15194,0.0426
15195,0.0426
15203,0.0184
15209,0.9994
15215,0.1868
15216,0.2775
15218,0.0794
15220,0.5263
15222,0.9780
15224,0.1137
15225,0.0557
15235,0.7466
15246,0.0184
15249,0.1589
15251,0.0528
15252,0.2942
15254,0.9995
15255,0.1172
15266,0.7910
15268,0.0426
15269,0.3002
15272,0.0426
15275,0.0184
15277,0.3495
15279,0.0184
15281,0.0426
15282,0.9995
15285,0.1858
15305,0.2775
15309,0.0426
15312,0.9896
15316,0.0426
15322,0.2549
15327,0.1172
15328,0.8157
15330,0.6984
15332,0.3206
15335,0.0802
15336,0.9996
15342,0.2816
15359,0.0184
15375,0.0426
15378,0.0426
15380,0.2783
15389,0.8247
15391,0.0426
15393,0.3849
15395,0.9996
15398,0.0184
15403,0.2016
15404,0.6537
15405,0.2793
15407,0.1174
15417,0.1975
15420,0.9991
15422,0.0426
15423,0.2783
15430,0.4156
15434,0.0798
15444,0.0426
15446,0.0802
15448,0.0426
15453,0.1291
15456,0.0426
15458,0.0184
15460,0.0426
15461,0.3526
15470,0.0426
15477,0.3062
15479,0.1074
15485,0.1820
15487,0.0840
15494,0.0426
15496,0.1203
15498,0.0184
15502,0.0557
15503,0.0682
15504,0.0426
15516,0.0798
15529,0.0778
15530,0.0798
15532,0.0426
15534,0.0798
15543,0.8574
15548,0.2704
15553,0.1007
15560,0.0426
15561,0.0426
15564,0.6123
15565,0.6479
15584,0.2779
15585,0.5309
15594,0.0426
15599,0.1936
15602,0.5121
15603,0.0426
15607,0.0426
15610,0.1558
15616,0.0426
15622,0.3469
15633,0.0426
15635,0.0426
15638,0.6138
15640,0.1172
15642,0.3491
15659,0.9473
15666,0.2783
15674,0.0426
15677,0.3293
15680,0.0805
15690,0.0426
15692,0.7094
15694,0.0184
15705,0.0746
15707,0.9926
15713,0.1406
15722,0.1600
15723,0.0184
15727,0.0862
15728,0.0426
15741,0.1102
15745,0.2783
15779,0.0426
15783,0.0426
15784,0.0426
15785,0.3541
15792,0.0426
15793,0.2511
15794,0.0426
15796,0.1102
15798,0.0426
15799,0.0426
15800,0.2783
15803,0.0426
15804,0.0426
15809,0.1590
15810,0.0426
15814,0.3205
15815,0.1129
15820,0.0426
15821,0.0426
15822,0.3151
15825,0.0426
15827,0.9981
15832,0.0426
15835,0.1858
15840,0.2752
15846,0.2783
15848,0.0426
15851,0.2863
15852,0.0426
15857,0.3730
15860,0.0426
15861,0.5815
15863,0.9857
15866,0.0188
15874,0.1655
15877,0.3622
15880,0.0426
15883,0.3896
15887,0.6888
15895,0.0673
15897,0.2756
15901,0.5044
15909,0.9953
15911,0.2779
15919,0.8416
15920,0.1561
15921,0.0426
15931,0.0644
15932,0.9994
15933,0.1030
15934,0.0184
15936,0.9952
15939,0.1618
15946,0.0426
15947,0.9994
15951,0.0426
15952,0.0426
15954,0.0426
15957,0.0802
15958,0.0426
15969,0.2232
15975,0.0802
15980,0.0426
15982,0.4565
15983,0.1172
15984,0.9996
15987,0.0426
15989,0.2786
15999,0.0426
16015,0.0426
16019,0.1074
16024,0.0184
16031,0.0802
16036,0.4951
16037,0.2786
16047,0.1873
16050,0.8923
16064,0.0426
16072,0.2783
16075,0.0802
16077,0.0557
16083,0.0426
16087,0.2839
16095,0.3129
16096,0.0426
16108,0.1172
16111,0.0426
16119,0.1778
16120,0.0426
16122,0.0426
16126,0.1009
16131,0.3564
16134,0.0426
16136,0.0426
16144,0.0426
16147,0.2783
16149,0.9959
16153,0.0184
16157,0.2772
16161,0.4902
16174,0.0460
16177,0.0184
16194,0.0802
16196,0.0426
16207,0.8162
16208,0.8869
16223,0.9994
16225,0.3274
16230,0.2772
16231,0.0298
16243,0.6242
16245,0.0426
16247,0.0426
16248,0.0426
16254,0.3213
16256,0.0799
16264,0.1412
16272,0.9993
16277,0.1131
16278,0.1114
16282,0.8909
16286,0.5150
16292,0.0426
16298,0.0184
16301,0.3222
16308,0.0184
16314,0.0184
16319,0.0426
16327,0.0426
16331,0.0184
16332,0.0426
16334,0.0426
16336,0.0511
16342,0.2780
16346,0.0426
16351,0.1113
16352,0.0426
16354,0.5323
16356,0.5609
16361,0.0972
16364,0.4125
16365,0.2298
16378,0.0426
16381,0.1778
16387,0.0184
16389,0.2775
16393,0.0426
16401,0.0889
16413,0.8873
16414,0.1172
16418,0.0835
16421,0.0426
16422,0.2792
16424,0.1172
16425,0.5043
16432,0.1116
16439,0.0184
16442,0.0184
16445,0.0426
16453,0.0426
16456,0.0426
16459,0.3277
16460,0.0184
16462,0.2743
16465,0.6576
16466,0.0426
16468,0.0794
16472,0.0794
16473,0.0426
16476,0.9997
16477,0.0426
16488,0.0426
16495,0.0341
16500,0.2762
16501,0.1140
16506,0.2793
16519,0.0426
16522,0.0426
16524,0.0184
16526,0.2209
16527,0.0426
16532,0.5140
16540,0.3278
16546,0.0426
16548,0.0184
16553,0.0426
16555,0.9996
16558,0.1131
16565,0.0426
16567,0.0426
16569,0.0184
16573,0.2762
16577,0.0184
16589,0.0426
16595,0.2713
16603,0.0426
16612,0.0426
16616,0.0184
16620,0.0526
16622,0.4841
16632,0.0426
16637,0.1218
16638,0.0298
16639,0.2076
16658,0.0426
16681,0.5836
16683,0.0184
16685,0.0184
16686,0.4418
16688,0.0823
16694,0.0426
16699,0.2147
16700,0.0802
16705,0.1747
16706,0.4128
16709,0.3279
16721,0.0298
16722,0.3781
16726,0.0426
16727,0.1976
16730,0.0426
16734,0.0426
16742,0.0426
16744,0.3191
16749,0.0426
16759,0.0426
16763,0.2713
16771,0.1102
16772,0.0426
16774,0.3505
16777,0.3864
16780,0.8198
16786,0.0184
16787,0.0426
16795,0.0802
16796,0.0426
16797,0.9968
16799,0.0426
16806,0.6732
16810,0.2867
16814,0.1507
16816,0.9707
16822,0.0184
16828,0.2827
16836,0.2783
16838,0.0426
16839,0.1936
16840,0.0426
16841,0.4312
16843,0.1718
16844,0.1102
16853,0.0426
16858,0.2926
16861,0.0426
16866,0.0184
16870,0.2743
16873,0.1102
16874,0.2032
16887,0.4096
16891,0.0426
16892,0.2173
16898,0.2992
16902,0.8185
16903,0.0426
16909,0.0426
16917,0.1778
16921,0.0426
16930,0.0426
16931,0.0426
16936,0.1074
16937,0.0426
16942,0.0426
16944,0.0071
16952,0.9817
16954,0.0778
16956,0.1074
16971,0.0511
16979,0.0426
16980,0.1131
16981,0.0426
16986,0.9993
16989,0.0184
16991,0.0426
16995,0.6629
16999,0.2783
17000,0.0426
17007,0.4124
17009,0.0426
17010,0.0426
17011,0.6087
17012,0.6412
17014,0.0426
17015,0.3517
17027,0.2772
17030,0.0426
17034,0.5505
17060,0.0426
17062,0.0802
17064,0.0184
17069,0.1496
17071,0.0426
17073,0.0426
17077,0.0426
17080,0.9993
17082,0.0802
17083,0.2953
17085,0.0426
17089,0.7028
17091,0.3595
17095,0.5245
17098,0.1634
17100,0.1883
17105,0.0426
17107,0.0426
17110,0.0802
17118,0.6373
17119,0.0426
17123,0.0426
17129,0.0426
17130,0.0184
17141,0.0761
17142,0.0426
17149,0.0426
17153,0.0426
17163,0.2198
17164,0.9759
17173,0.0184
17185,0.0426
17194,0.9996
17197,0.0426
17198,0.0426
17208,0.2762
17214,0.1117
17217,0.0426
17222,0.2762
17225,0.1074
17228,0.0426
17229,0.5073
17235,0.0184
17236,0.1825
17238,0.0184
17241,0.8782
17242,0.0184
17255,0.1859
17256,0.0802
17257,0.1148
17258,0.3212
17259,0.0802
17261,0.0426
17267,0.0426
17275,0.1883
17276,0.0184
17277,0.1149
17279,0.5340
17283,0.2037
17294,0.5717
17302,0.2793
17309,0.4735
17319,0.2772
17340,0.0184
17343,0.9994
17354,0.8731
17355,0.0802
17371,0.0886
17373,0.2783
17374,0.0744
17376,0.0184
17379,0.0426
17382,0.0926
17385,0.0426
17388,0.0184
17391,0.6419
17399,0.1148
17406,0.0184
17410,0.2752
17414,0.0426
17418,0.4542
17421,0.0184
17426,0.0426
17427,0.5784
17428,0.9946
17430,0.1117
17435,0.2783
17436,0.1941
17439,0.0932
17440,0.0426
17445,0.8939
17461,0.2783
17462,0.8468
17463,0.5193
17464,0.0184
17467,0.9992
17471,0.9681
17473,0.0426
17477,0.4502
17481,0.0426
17492,0.0426
17495,0.0426
17498,0.0426
17502,0.0426
17512,0.2726
17516,0.3393
17524,0.2239
17526,0.0426
17530,0.0426
17534,0.0301
17535,0.0426
17542,0.1114
17548,0.0802
17549,0.3758
17553,0.0426
17558,0.0426
17560,0.0426
17562,0.0557
17563,0.2793
17568,0.0426
17591,0.0426
17592,0.2775
17597,0.1101
17598,0.1074
17599,0.9690
17602,0.1131
17607,0.0567
17610,0.6565
17613,0.2044
17618,0.0184
17619,0.1221
17621,0.2017
17622,0.0426
17628,0.0426
17629,0.0426
17637,0.0426
17638,0.1887
17640,0.6708
17641,0.0426
17643,0.2783
17647,0.1360
17650,0.0426
17658,0.0761
17666,0.3408
17671,0.0426
17674,0.7093
17677,0.0426
17683,0.1074
17684,0.0426
17685,0.0426
17686,0.1102
17691,0.2783
17703,0.0426
17704,0.8490
17720,0.0426
17727,0.2822
17731,0.4096
17732,0.0426
17734,0.0426
17738,0.0798
17742,0.1633
17744,0.0426
17755,0.3602
17757,0.0184
17758,0.0511
17760,0.3006
17761,0.0184
17766,0.0426
17767,0.0426
17769,0.1902
17775,0.2772
17777,0.0426
17787,0.1270
17796,0.0426
17800,0.0184
17801,0.0184
17804,0.9004
17805,0.1823
17809,0.0426
17811,0.0816
17817,0.0426
17820,0.4189
17824,0.0426
17826,0.2160
17829,0.0184
17831,0.4776
17835,0.0798
17838,0.0426
17839,0.3468
17842,0.0426
17845,0.0184
17852,0.0184
17857,0.0184
17859,0.9981
17865,0.2143
17869,0.9982
17873,0.0557
17881,0.4020
17883,0.0511
17884,0.0907
17886,0.0426
17888,0.0546
17896,0.0426
17898,0.0805
17899,0.3159
17902,0.0184
17912,0.0426
17914,0.9995
17917,0.2775
17927,0.1884
17938,0.1402
17940,0.4894
17942,0.0426
17947,0.0426
17951,0.0426
17961,0.3015
17964,0.0199
17967,0.2255
17971,0.0805
17972,0.0426
17973,0.1140
17975,0.0426
17976,0.0426
17981,0.0426
17982,0.9993
17985,0.0426
17987,0.0426
17988,0.6139
17993,0.0426
18010,0.0426
18018,0.0184
18023,0.0557
18028,0.0426
18032,0.3605
18034,0.0426
18035,0.2017
18036,0.0426
18039,0.0426
18041,0.0802
18042,0.0426
18051,0.1172
18052,0.9991
18054,0.2783
18059,0.2772
18062,0.0426
18070,0.0184
18074,0.0184
18075,0.0426
18082,0.3188
18085,0.0426
18091,0.0184
18092,0.0426
18093,0.0426
18101,0.1172
18108,0.2312
18113,0.0798
18115,0.0426
18118,0.1074
18122,0.0426
18132,0.3964
18135,0.1900
18138,0.1100
18140,0.0426
18142,0.2890
18149,0.3188
18150,0.1534
18155,0.0426
18157,0.0184
18161,0.0426
18163,0.9998
18166,0.0511
18169,0.2226
18176,0.6416
18188,0.0926
18189,0.0426
18196,0.3309
18198,0.0426
18199,0.2775
18203,0.9896
18206,0.2783
18214,0.8341
18220,0.0184
18225,0.5571
18231,0.0426
18239,0.0426
18242,0.0038
18243,0.1130
18249,0.1867
18253,0.2792
18254,0.1241
18256,0.6835
18257,0.0426
18266,0.0426
18268,0.0426
18271,0.0426
18273,0.4417
18274,0.0426
18276,0.2712
18280,0.0184
18284,0.0426
18285,0.0426
18288,0.0184
18296,0.0426
18298,0.6679
18301,0.3172
18306,0.0426
18309,0.0802
18316,0.6903
18321,0.0426
18322,0.0426
18324,0.0184
18327,0.0802
18331,0.2870
18332,0.0184
18333,0.1007
18342,0.4814
18346,0.0426
18348,0.1140
18351,0.3821
18355,0.5760
18356,0.0426
18358,0.9993
18361,0.0426
18362,0.0426
18367,0.0184
18369,0.0426
18370,0.0653
18375,0.1817
18381,0.0880
18384,0.1172
18386,0.2911
18387,0.0426
18388,0.3254
18392,0.0426
18393,0.6087
18394,0.0426
18405,0.0426
18411,0.2285
18412,0.0426
18413,0.0426
18414,0.3909
18421,0.0426
18425,0.0570
18426,0.2809
18427,0.0426
18431,0.2775
18432,0.1409
18434,0.2786
18439,0.0557
18445,0.4079
18449,0.0184
18454,0.0426
18455,0.0557
18456,0.0426
18467,0.1172
18470,0.2841
18473,0.0184
18480,0.0557
18483,0.0805
18486,0.1132
18492,0.1172
18493,0.0761
18496,0.6182
18498,0.0184
18500,0.7073
18501,0.0426
18504,0.0426
18508,0.0805
18515,0.0426
18520,0.9904
18523,0.1074
18525,0.0426
18528,0.3488
18533,0.0426
18541,0.0426
18546,0.3367
18548,0.0486
18551,0.0802
18553,0.0184
18559,0.0426
18560,0.9996
18565,0.0567
18567,0.0426
18575,0.0426
18578,0.1038
18583,0.4551
18590,0.0426
18599,0.0184
18602,0.9996
18603,0.1009
18607,0.0426
18609,0.9994
18610,0.0798
18611,0.0426
18615,0.2646
18623,0.3623
18624,0.6598
18628,0.1074
18633,0.1131
18637,0.2332
18641,0.0184
18652,0.0184
18655,0.1756
18661,0.4225
18669,0.2076
18684,0.0426
18688,0.1179
18691,0.1534
18695,0.1172
18699,0.0426
18701,0.2781
18707,0.3693
18708,0.3327
18718,0.0426
18721,0.2783
18724,0.0426
18726,0.1359
18727,0.0426
18730,0.7814
18732,0.0426
18739,0.0465
18753,0.0802
18757,0.8540
18759,0.4076
18763,0.0778
18766,0.0426
18769,0.0889
18770,0.2773
18778,0.0511
18788,0.0926
18789,0.3429
18790,0.0426
18792,0.0859
18793,0.0426
18800,0.0426
18807,0.0486
18809,0.4922
18820,0.1655
18822,0.5136
18826,0.0426
18828,0.3450
18833,0.7908
18834,0.3571
18835,0.2016
18840,0.7806
18841,0.0426
18846,0.1396
18849,0.0203
18850,0.0511
18854,0.5164
18861,0.6057
18862,0.2783
18866,0.0426
18867,0.0426
18874,0.2772
18879,0.0426
18888,0.2756
18894,0.0511
18897,0.0426
18901,0.0184
18903,0.0426
18914,0.3026
18915,0.5672
18929,0.0426
18940,0.0426
18941,0.1172
18951,0.0426
18959,0.0426
18961,0.0511
18970,0.0741
18975,0.2867
18977,0.1172
18979,0.0426
18989,0.0184
19001,0.1522
19002,0.1132
19017,0.0184
19020,0.3411
19023,0.0426
19024,0.0805
19025,0.0511
19039,0.0426
19048,0.1517
19052,0.3419
19054,0.9996
19065,0.0426
19072,0.2783
19076,0.3249
19081,0.1101
19089,0.1137
19091,0.0426
19093,0.0426
19094,0.0426
19096,0.0426
19098,0.0426
19100,0.1778
19102,0.0426
19103,0.9941
19106,0.3111
19108,0.0426
19109,0.0184
19110,0.3151
19112,0.3027
19113,0.0426
19130,0.1718
19146,0.2783
19150,0.0798
19157,0.4774
19160,0.0511
19171,0.9883
19173,0.1131
19174,0.0426
19187,0.9899
19189,0.2185
19190,0.0426
19193,0.0570
19198,0.0426
19199,0.2762
19205,0.0426
19214,0.0557
19215,0.0426
19216,0.1009
19221,0.1087
19226,0.1825
19239,0.0184
19240,0.0426
19257,0.7405
19258,0.0426
19259,0.1978
19263,0.1567
19269,0.1140
19275,0.2743
19281,0.0426
19283,0.0557
19284,0.0426
19287,0.0426
19292,0.1959
19295,0.0426
19301,0.1137
19302,0.1115
19307,0.0802
19310,0.0184
19311,0.0426
19318,0.6060
19319,0.0426
19321,0.0426
19335,0.0426
19340,0.0304
19346,0.0184
19353,0.0426
19360,0.0426
19361,0.0426
19362,0.1573
19381,0.1912
19395,0.2783
19400,0.2350
19401,0.2941
19404,0.0426
19411,0.0426
19436,0.0799
19441,0.0184
19444,0.4101
19453,0.0778
19458,0.0426
19467,0.0184
19469,0.3921
19471,0.0184
19480,0.4517
19486,0.4455
19487,0.3684
19494,0.4067
19510,0.2793
19516,0.1740
19530,0.0426
19533,0.3632
19538,0.0184
19539,0.3167
19548,0.0426
19552,0.0426
19557,0.8884
19559,0.0426
19563,0.0426
19568,0.0426
19578,0.0528
19580,0.0298
19582,0.0426
19592,0.0426
19597,0.0184
19598,0.7339
19600,0.0659
19603,0.9994
19605,0.0426
19616,0.2783
19627,0.0426
19629,0.1655
19630,0.1100
19631,0.1634
19637,0.4144
19640,0.0426
19642,0.6793
19645,0.0426
19648,0.4069
19655,0.0426
19660,0.0426
19661,0.6967
19669,0.0426
19679,0.0426
19682,0.0426
19684,0.0184
19686,0.3842
19689,0.0426
19696,0.5109
19697,0.0301
19698,0.1458
19706,0.0426
19712,0.6707
19721,0.9118
19726,0.0926
19728,0.0426
19729,0.5962
19730,0.9994
19731,0.2772
19732,0.9800
19735,0.0184
19741,0.0426
19744,0.0426
19750,0.0426
19752,0.0426
19759,0.9973
19764,0.0426
19768,0.0426
19770,0.0426
19772,0.0426
19775,0.0426
19778,0.0426
19783,0.0184
19785,0.1172
19788,0.1172
19791,0.3151
19794,0.9911
19795,0.0544
19796,0.9994
19799,0.0426
19800,0.1613
19806,0.0184
19815,0.0184
19819,0.0184
19821,0.7583
19822,0.2775
19823,0.0681
19824,0.1496
19828,0.0761
19833,0.2480
19834,0.1872
19838,0.0426
19840,0.2792
19841,0.1192
19842,0.0426
19844,0.1132
19851,0.3367
19861,0.0487
19863,0.0528
19865,0.0426
19870,0.0426
19871,0.0184
19872,0.2783
19875,0.0426
19876,0.0426
19878,0.0426
19879,0.0515
19882,0.0304
19885,0.9994
19889,0.1131
19893,0.0184
19900,0.0184
19915,0.3030
19917,0.0184
19918,0.3293
19920,0.1172
19921,0.1459
19923,0.2940
19924,0.0184
19932,0.6992
19939,0.2994
19947,0.8784
19948,0.2775
19952,0.0184
19953,0.1718
19957,0.0426
19964,0.2134
19966,0.0426
19971,0.1208
19976,0.3327
19977,0.1131
19980,0.4593
19981,0.0798
19983,0.0184
19984,0.0802
19988,0.2076
19991,0.0073
20009,0.3492
20017,0.0426
20019,0.2775
20020,0.0426
20021,0.1409
20023,0.1141
20025,0.0426
20041,0.0426
20045,0.0802
20051,0.0511
20055,0.6015
20061,0.0184
20065,0.0426
20066,0.9994
20070,0.5601
20072,0.0298
20077,0.0778
20080,0.0426
20081,0.1132
20083,0.0778
20084,0.0798
20086,0.1174
20094,0.0426
20099,0.1283
20109,0.0426
20110,0.0426
20114,0.0426
20119,0.0426
20121,0.0426
20127,0.2783
20137,0.5622
20143,0.5068
20145,0.0426
20153,0.0184
20154,0.2783
20158,0.2939
20159,0.0426
20160,0.0932
20172,0.2160
20173,0.0426
20178,0.9958
20180,0.1177
20185,0.2762
20189,0.0426
20193,0.9996
20197,0.0426
20199,0.5146
20203,0.0426
20208,0.0511
20212,0.1868
20215,0.0511
20221,0.5139
20224,0.0802
20228,0.9027
20232,0.0280
20242,0.0426
20254,0.0426
20257,0.2910
20258,0.0983
20260,0.0426
20261,0.1140
20262,0.1954
20263,0.0426
20267,0.8082
20269,0.1402
20271,0.0426
20273,0.1131
20274,0.6120
20282,0.1113
20284,0.0486
20286,0.0426
20289,0.0426
20291,0.3880
20292,0.0426
20295,0.4156
20298,0.2783
20299,0.2783
20301,0.0426
20306,0.0426
20312,0.0584
20320,0.2762
20325,0.9438
20326,0.0426
20333,0.1172
20334,0.8466
20335,0.0426
20339,0.0426
20345,0.2793
20346,0.0184
20347,0.0557
20348,0.1075
20350,0.0184
20354,0.0426
20355,0.0184
20367,0.2088
20370,0.5103
20378,0.0184
20380,0.0426
20391,0.0426
20395,0.2994
20396,0.1976
20397,0.3833
20398,0.6786
20403,0.0184
20405,0.2165
20407,0.1074
20411,0.8379
20416,0.0486
20417,0.0426
20418,0.9991
20422,0.0426
20426,0.4097
20431,0.4177
20434,0.2017
20442,0.6787
20445,0.1132
20446,0.0184
20452,0.0184
20453,0.0557
20454,0.2997
20462,0.9976
20467,0.2210
20470,0.2981
20472,0.0426
20473,0.1778
20474,0.1467
20477,0.0805
20478,0.0184
20479,0.0511
20489,0.2515
20491,0.0798
20493,0.0426
20497,0.1331
20498,0.9986
20504,0.1794
20514,0.8723
20516,0.4926
20519,0.0426
20524,0.0426
20529,0.0426
20532,0.0802
20534,0.0426
20538,0.0426
20543,0.3092
20544,0.0426
20549,0.1116
20550,0.0426
20560,0.3327
20569,0.1118
20574,0.5490
20597,0.1577
20603,0.0184
20607,0.0426
20609,0.1115
20615,0.0802
20616,0.0840
20622,0.2756
20623,0.2422
20625,0.0426
20628,0.0426
20629,0.0802
20631,0.0802
20635,0.0426
20636,0.0426
20640,0.0511
20644,0.2772
20645,0.0184
20651,0.0426
20659,0.0426
20666,0.0426
20673,0.0426
20677,0.0184
20692,0.0426
20698,0.0426
20703,0.0511
20709,0.0426
20727,0.7098
20729,0.0426
20734,0.3215
20740,0.2298
20741,0.0426
20742,0.0184
20744,0.0511
20751,0.1131
20756,0.3595
20761,0.0426
20762,0.4083
20764,0.0426
20766,0.1550
20768,0.0426
20770,0.9951
20776,0.5017
20777,0.0426
20779,0.0426
20782,0.0280
20784,0.5867
20793,0.2863
20795,0.2713
20799,0.0426
20802,0.6996
20814,0.0426
20832,0.5383
20836,0.0426
20837,0.0426
20838,0.0873
20842,0.5998
20849,0.0426
20850,0.0426
20856,0.5747
20857,0.0184
20858,0.8512
20861,0.0184
20870,0.0426
20871,0.1573
20872,0.3104
20886,0.2713
20889,0.3455
20890,0.0298
20894,0.0426
20898,0.0426
20903,0.0184
20911,0.2548
20918,0.3107
20927,0.1778
20930,0.0426
20941,0.9938
20942,0.8685
20953,0.0426
20955,0.0426
20957,0.9940
20975,0.2783
20976,0.1071
20981,0.0307
20988,0.0426
20989,0.0317
20996,0.3310
20999,0.0426
21001,0.2773
21012,0.0426
21014,0.0426
21018,0.0426
21019,0.0426
21022,0.0511
21028,0.0426
21032,0.0426
21038,0.1247
21039,0.9995
21041,0.9989
21045,0.1718
21046,0.0426
21051,0.1034
21052,0.0426
21053,0.3290
21055,0.5290
21069,0.3901
21072,0.1451
21076,0.1172
21083,0.0426
21090,0.1858
21097,0.1074
21098,0.1981
21103,0.4492
21112,0.2783
21129,0.0184
21130,0.0426
21132,0.0426
21134,0.8929
21137,0.0426
21143,0.7002
21146,0.2775
21147,0.4004
21151,0.0426
21153,0.1074
21159,0.2783
21163,0.0426
21166,0.0426
21171,0.9995
21178,0.3901
21184,0.0426
21185,0.8172
21186,0.3421
21187,0.0426
21193,0.0426
21194,0.8587
21201,0.0426
21205,0.0426
21209,0.3290
21210,0.0426
21211,0.0426
21216,0.5580
21220,0.1485
21221,0.6971
21225,0.0184
21232,0.0426
21233,0.0426
21236,0.3227
21245,0.8790
21247,0.9985
21250,0.9976
21252,0.0802
21256,0.0426
21257,0.0184
21263,0.1577
21265,0.3277
21272,0.1975
21275,0.0184
21277,0.0426
21278,0.0184
21290,0.3172
21296,0.0184
21300,0.0426
21302,0.1784
21303,0.0426
21313,0.3183
21314,0.0184
21344,0.0426
21346,0.3790
21350,0.0426
21353,0.9974
21355,0.1912
21361,0.1030
21364,0.0862
21366,0.0426
21367,0.0184
21370,0.0426
21378,0.1461
21379,0.5634
21380,0.1074
21383,0.4940
21384,0.1856
21391,0.5932
21396,0.9904
21398,0.2219
21408,0.2083
21409,0.0426
21410,0.0426
21423,0.0802
21425,0.9993
21428,0.0426
21432,0.1875
21436,0.0426
21437,0.0184
21444,0.9987
21448,0.0426
21450,0.0426
21461,0.0184
21463,0.0426
21464,0.2827
21466,0.9992
21467,0.0426
21471,0.0798
21474,0.0426
21484,0.2783
21485,0.2839
21489,0.0426
21494,0.0426
21495,0.0184
21496,0.2760
21497,0.0426
21501,0.0511
21512,0.9992
21513,0.8710
21515,0.0426
21524,0.4178
21528,0.1573
21529,0.9990
21534,0.0426
21535,0.0426
21538,0.0426
21544,0.3310
21546,0.1658
21553,0.0426
21572,0.8292
21578,0.2298
21579,0.1851
21582,0.0426
21590,0.0802
21592,0.0426
21595,0.8662
21598,0.0426
21604,0.0426
21605,0.3817
21607,0.0426
21608,0.2396
21610,0.1140
21611,0.2415
21612,0.0426
21615,0.3382
21623,0.0426
21624,0.0691
21630,0.0557
21633,0.2350
21635,0.0426
21638,0.0426
21642,0.1172
21644,0.1899
21646,0.1036
21649,0.0511
21654,0.9688
21656,0.0426
21659,0.9902
21662,0.0426
21670,0.0761
21672,0.1858
21674,0.4608
21675,0.6745
21678,0.0511
21685,0.9987
21697,0.0426
21699,0.1376
21707,0.0426
21712,0.0184
21714,0.2762
21715,0.3521
21717,0.2783
21718,0.0426
21720,0.1533
21723,0.0426
21736,0.8752
21742,0.0426
21746,0.0426
21748,0.0184
21754,0.0805
21755,0.3172
21757,0.1108
21758,0.0426
21759,0.0798
21765,0.4251
21768,0.1418
21777,0.5856
21778,0.0426
21780,0.0426
21787,0.1118
21801,0.9756
21804,0.9998
21805,0.0802
21806,0.0426
21814,0.0805
21821,0.9973
21828,0.8424
21836,0.0426
21839,0.0426
21849,0.0426
21851,0.1108
21852,0.0298
21858,0.0975
21859,0.0426
21861,0.0426
21864,0.0926
21866,0.2910
21870,0.0426
21873,0.2783
21878,0.0426
21880,0.0426
21883,0.1074
21888,0.1115
21890,0.9972
21891,0.0426
21892,0.8186
21895,0.1734
21901,0.5362
21905,0.8889
21906,0.0426
21909,0.3151
21911,0.0426
21912,0.0426
21918,0.0426
21919,0.0184
21924,0.1359
21927,0.1172
21928,0.9975
21932,0.0426
21941,0.8754
21944,0.0426
21945,0.0184
21948,0.0426
21953,0.0426
21965,0.2819
21966,0.6907
21974,0.0426
21983,0.2974
21987,0.2752
21992,0.1172
22000,0.1040
22001,0.0798
22007,0.2783
22008,0.0426
22019,0.5885
22020,0.0932
22026,0.6504
22030,0.0184
22032,0.0184
22036,0.0426
22039,0.0426
22048,0.0184
22050,0.0426
22051,0.3085
22056,0.0426
22057,0.1504
22061,0.2602
22075,0.0184
22082,0.1593
22084,0.0802
22095,0.0426
22096,0.0298
22102,0.0426
22111,0.0317
22113,0.5127
22116,0.0526
22125,0.0426
22128,0.0426
22132,0.0802
22133,0.4020
22139,0.0802
22141,0.0426
22142,0.0426
22144,0.0426
22151,0.1954
22160,0.0426
22168,0.0426
22169,0.0184
22170,0.1172
22172,0.0280
22174,0.0184
22177,0.0426
22178,0.1527
22189,0.0426
22199,0.0761
22200,0.0426
22201,0.3654
22204,0.0184
22209,0.0184
22210,0.0426
22215,0.6596
22217,0.0426
22228,0.1122
22230,0.0426
22239,0.1232
22246,0.0426
22252,0.0184
22253,0.3109
22255,0.0426
22265,0.0426
22268,0.0557
22272,0.0426
22273,0.0426
22274,0.3863
22287,0.9884
22290,0.9959
22293,0.0426
22294,0.1131
22296,0.0419
22297,0.1113
22304,0.0184
22309,0.2866
22320,0.0298
22323,0.1030
22334,0.1118
22336,0.0426
22340,0.3964
22354,0.0926
22355,0.8838
22357,0.3129
22358,0.9992
22361,0.1883
22365,0.0184
22366,0.0802
22367,0.0426
22368,0.0184
22378,0.0426
22380,0.0426
22383,0.0426
22404,0.0184
22406,0.9966
22409,0.1718
22410,0.3767
22413,0.0298
22414,0.6888
22421,0.0426
22425,0.0426
22436,0.0426
22438,0.5253
22440,0.0426
22441,0.2139
22446,0.0426
22448,0.1867
22449,0.0426
22452,0.9965
22454,0.3234
22455,0.3951
22458,0.0184
22466,0.3201
22469,0.0426
22481,0.0426
22484,0.0805
22485,0.0426
22487,0.0794
22491,0.6175
22493,0.2791
22496,0.0426
22497,0.1031
22500,0.0426
22508,0.1065
22516,0.2017
22517,0.0426
22529,0.0184
22532,0.2969
22534,0.0426
22540,0.6657
22548,0.8517
22553,0.0426
22554,0.0644
22558,0.1100
22561,0.1101
22564,0.0426
22567,0.0184
22578,0.0426
22599,0.0798
22600,0.2775
22605,0.0426
22607,0.0797
22612,0.0426
22616,0.1406
22618,0.0184
22625,0.0426
22643,0.1778
22644,0.0426
22649,0.0862
22650,0.2786
22663,0.2783
22665,0.2408
22674,0.4069
22677,0.2783
22680,0.0426
22698,0.3413
22704,0.0426
22709,0.9998
22711,0.3103
22715,0.7675
22717,0.0798
22719,0.0184
22721,0.0798
22728,0.2076
22735,0.2591
22741,0.0426
22746,0.1102
22747,0.0805
22753,0.1117
22755,0.1655
22757,0.9981
22758,0.1756
22760,0.2775
22763,0.0071
22770,0.3154
22772,0.0932
22774,0.6064
22775,0.5979
22779,0.0184
22781,0.0426
22782,0.5284
22785,0.0426
22787,0.0426
22789,0.0511
22792,0.1610
22793,0.0184
22795,0.0184
22796,0.6637
22808,0.7401
22816,0.0426
22821,0.3198
22825,0.0426
22832,0.0426
22835,0.0184
22839,0.7120
22854,0.2352
22855,0.3386
22860,0.0426
22867,0.0426
22875,0.9779
22877,0.0184
22879,0.2783
22888,0.0426
22889,0.2772
22890,0.2792
22894,0.1172
22907,0.6749
22915,0.8386
22919,0.1118
22935,0.1192
22949,0.1753
22950,0.2932
22953,0.4101
22957,0.1132
22959,0.0426
22961,0.0862
22963,0.5442
22978,0.4020
22980,0.0298
22982,0.0184
22995,0.1172
23000,0.0426
23001,0.0426
23003,0.1718
23008,0.6839
23013,0.0426
23022,0.2063
23026,0.0426
23032,0.1116
23033,0.4300
23040,0.2346
23041,0.0426
23048,0.4167
23050,0.0426
23052,0.0426
23058,0.0426
23071,0.0889
23084,0.9426
23092,0.6384
23094,0.0426
23098,0.1511
23099,0.0184
23102,0.0184
23107,0.1778
23109,0.0184
23110,0.0426
23114,0.4201
23118,0.3109
23121,0.0102
23125,0.0184
23128,0.0426
23133,0.0426
23135,0.0561
23140,0.5484
23143,0.1655
23146,0.1587
23154,0.1172
23162,0.0805
23181,0.2779
23183,0.0426
23199,0.0426
23203,0.0426
23204,0.0426
23205,0.0426
23208,0.2460
23209,0.0802
23213,0.2987
23214,0.8275
23228,0.0426
23236,0.0426
23242,0.0426
23245,0.4557
23247,0.2736
23252,0.0426
23253,0.0426
23268,0.2792
23273,0.3536
23275,0.9925
23282,0.3915
23284,0.2743
23285,0.1069
23297,0.5828
23299,0.1782
23303,0.4035
23306,0.0426
23316,0.1148
23333,0.1836
23334,0.0838
23346,0.1137
23347,0.3314
23350,0.0798
23357,0.3198
23360,0.0805
23363,0.0426
23368,0.0426
23371,0.0301
23374,0.4385
23378,0.3156
23386,0.0523
23389,0.0778
23393,0.0184
23397,0.9986
23401,0.0184
23404,0.0426
23410,0.1172
23413,0.0802
23417,0.0426
23424,0.8343
23427,0.1074
23429,0.4399
23437,0.3477
23441,0.4265
23443,0.0426
23446,0.1131
23448,0.0426
23450,0.4869
23452,0.2780
23453,0.2816
23456,0.2783
23462,0.0426
23463,0.0184
23464,0.0184
23466,0.3058
23468,0.2778
23475,0.0426
23476,0.8776
23483,0.1912
23486,0.1404
23489,0.0184
23490,0.4812
23495,0.2606
23498,0.2157
23502,0.1100
23505,0.0426
23518,0.0426
23533,0.0426
23538,0.6881
23544,0.8530
23550,0.2783
23552,0.0184
23554,0.0426
23555,0.0032
23567,0.3602
23568,0.9954
23572,0.2298
23578,0.0426
23579,0.1718
23581,0.0184
23583,0.0426
23589,0.1148
23595,0.4822
23600,0.3109
23604,0.2792
23611,0.9849
23613,0.0426
23616,0.0184
23619,0.9984
23622,0.1102
23625,0.9994
23631,0.1778
23632,0.0426
23636,0.0805
23637,0.1192
23646,0.0184
23647,0.0426
23648,0.0184
23649,0.0426
23658,0.0426
23659,0.1858
23662,0.0426
23663,0.1653
23664,0.9987
23666,0.9870
23670,0.5683
23671,0.2385
23674,0.0184
23678,0.2783
23683,0.0426
23684,0.0426
23690,0.0761
23695,0.0802
23698,0.2178
23702,0.2772
23704,0.2598
23715,0.3295
23716,0.0426
23721,0.5830
23724,0.0426
23730,0.0426
23733,0.1454
23738,0.2938
23745,0.1074
23754,0.3004
23757,0.5219
23758,0.9935
23759,0.0426
23763,0.3151
23773,0.0426
23778,0.0426
23780,0.0426
23784,0.6855
23789,0.7143
23793,0.9710
23794,0.0426
23802,0.2314
23809,0.3298
23813,0.4139
23815,0.2793
23820,0.9015
23821,0.1861
23823,0.9993
23832,0.3348
23833,0.0426
23837,0.1553
23838,0.0184
23841,0.6462
23843,0.2783
23847,0.2593
23848,0.0184
23861,0.1270
23864,0.0184
23867,0.1778
23869,0.1472
23872,0.1172
23882,0.3198
23887,0.9977
23899,0.0426
23907,0.4381
23920,0.9756
23927,0.0102
23932,0.4335
23946,0.0184
23953,0.0802
23964,0.4035
23970,0.8683
23975,0.0426
23977,0.6411
23978,0.1172
23983,0.0540
23989,0.0426
23990,0.0511
23992,0.0184
23997,0.2868
23999,0.0426
24004,0.0426
24012,0.0426
24014,0.2548
24017,0.0426
24019,0.6542
24020,0.3256
24024,0.0426
24027,0.0426
24037,0.0426
24041,0.2743
24043,0.0426
24044,0.0426
24049,0.1221
24050,0.0426
24051,0.1518
24059,0.0426
24061,0.2731
24068,0.1074
24071,0.0511
24073,0.0426
24083,0.1835
24086,0.5140
24109,0.0426
24115,0.0426
24116,0.0426
24118,0.2476
24120,0.0862
24125,0.6092
24132,0.0184
24138,0.0184
24139,0.0426
24146,0.1257
24150,0.0926
24160,0.2520
24163,0.1875
24164,0.3111
24169,0.9381
24176,0.1031
24177,0.1282
24178,0.0426
24179,0.2298
24180,0.3378
24188,0.0426
24190,0.2783
24193,0.9976
24200,0.0184
24205,0.1074
24211,0.9991
24215,0.1519
24216,0.0426
24218,0.1655
24221,0.9280
24223,0.0426
24224,0.3343
24225,0.0426
24226,0.0761
24237,0.0426
24246,0.9984
24251,0.0426
24252,0.0184
24258,0.0426
24261,0.9916
24263,0.7093
24274,0.0426
24275,0.2786
24276,0.1031
24280,0.0426
24289,0.0426
24292,0.0426
24297,0.2793
24300,0.0426
24301,0.0426
24302,0.1131
24303,0.4500
24306,0.2822
24316,0.0426
24317,0.2762
24321,0.2549
24326,0.2267
24334,0.0426
24339,0.1895
24343,0.0426
24344,0.0184
24345,0.2857
24347,0.0426
24349,0.0426
24353,0.2298
24360,0.0426
24361,0.0184
24363,0.0426
24364,0.1459
24370,0.3715
24373,0.0426
24374,0.6843
24376,0.2783
24379,0.2421
24392,0.3986
24397,0.2775
24400,0.1172
24403,0.0184
24406,0.2753
24413,0.9564
24417,0.2962
24418,0.1331
24421,0.5361
24432,0.0426
24437,0.9921
24440,0.9993
24442,0.7287
24443,0.0426
24445,0.9994
24452,0.5172
24453,0.0426
24454,0.1857
24456,0.0184
24457,0.1455
24463,0.0426
24465,0.0184
24468,0.0184
24469,0.0426
24475,0.1031
24485,0.0184
24491,0.4901
24495,0.0426
24498,0.4983
24499,0.9796
24502,0.2408
24505,0.0184
24507,0.1172
24513,0.2876
24516,0.0426
24525,0.1525
24530,0.1313
24532,0.1132
24544,0.0184
24546,0.8994
24547,0.0426
24549,0.3405
24550,0.1137
24554,0.0426
24558,0.0426
24560,0.0426
24562,0.0426
24563,0.0426
24585,0.9993
24598,0.2783
24604,0.2791
24607,0.1825
24608,0.0426
24615,0.3133
24622,0.0184
24623,0.0426
24627,0.0184
24630,0.7111
24632,0.1848
24637,0.2783
24649,0.0557
24653,0.0184
24658,0.9097
24659,0.1102
24664,0.0426
24665,0.0426
24674,0.0426
24681,0.9995
24683,0.5334
24689,0.4072
24691,0.2783
24692,0.5677
24695,0.0426
24698,0.0513
24702,0.0426
24708,0.4392
24710,0.3868
24714,0.6662
24717,0.0426
24730,0.1117
24742,0.2792
24748,0.0798
24753,0.1502
24754,0.0426
24755,0.1398
24760,0.0298
24761,0.0184
24775,0.0787
24776,0.0798
24779,0.3085
24784,0.0511
24787,0.0426
24788,0.0184
24795,0.0797
24796,0.0426
24804,0.2743
24805,0.3310
24806,0.9911
24807,0.0426
24813,0.5232
24818,0.1518
24825,0.2778
24828,0.0426
24829,0.3277
24833,0.1102
24834,0.0426
24839,0.3504
24851,0.0426
24858,0.0184
24860,0.2743
24861,0.0798
24864,0.0426
24865,0.0184
24867,0.1205
24873,0.0426
24874,0.0511
24879,0.0426
24883,0.0426
24884,0.0426
24896,0.0426
24900,0.0426
24906,0.3713
24917,0.0426
24922,0.0486
24926,0.2743
24927,0.9889
24934,0.0798
24941,0.0426
24942,0.0557
24946,0.6583
24951,0.8483
24961,0.0426
24963,0.1137
24964,0.9472
24971,0.1824
24973,0.9976
24976,0.0805
24981,0.2772
24985,0.0426
24986,0.0426
24989,0.3290
24994,0.0761
24996,0.6966
24999,0.9754
25001,0.0184
25004,0.1179
25015,0.2783
25018,0.0298
25019,0.0184
25025,0.9966
25030,0.9975
25051,0.1007
25054,0.3226
25057,0.0298
25058,0.0426
25060,0.0184
25062,0.1137
25064,0.3694
25066,0.1172
25073,0.1561
25077,0.5364
25084,0.0426
25086,0.1877
25087,0.1172
25091,0.2027
25096,0.5441
25105,0.9977
25106,0.0761
25110,0.5905
25118,0.0184
25120,0.6251
25121,0.0426
25128,0.1783
25138,0.1172
25139,0.1655
25140,0.4320
25143,0.0662
25144,0.8758
25163,0.6494
25166,0.0557
25168,0.1172
25172,0.2850
25180,0.4424
25185,0.5283
25188,0.4691
25195,0.0426
25215,0.0557
25218,0.1496
25228,0.8245
25233,0.0426
25234,0.2558
25240,0.5232
25241,0.0426
25244,0.1858
25255,0.1635
25256,0.9975
25265,0.2783
25268,0.5324
25271,0.3774
25275,0.0426
25283,0.1589
25289,0.7745
25297,0.1875
25307,0.0511
25309,0.0184
25311,0.0426
25320,0.0184
25323,0.0426
25329,0.6778
25334,0.0426
25341,0.0426
25350,0.0426
25355,0.0184
25359,0.1074
25366,0.1172
25370,0.0426
25371,0.2883
25373,0.0426
25375,0.1102
25379,0.2068
25381,0.0526
25382,0.0907
25387,0.0802
25389,0.0426
25391,0.0184
25394,0.9999
25395,0.0511
25396,0.6514
25403,0.9993
25406,0.0802
25408,0.0426
25415,0.9903
25423,0.0184
25434,0.8346
25442,0.5040
25448,0.0511
25455,0.0426
25456,0.1936
25460,0.0298
25462,0.2762
25467,0.2857
25473,0.5734
25476,0.0511
25478,0.0184
25485,0.7099
25486,0.0426
25488,0.0426
25498,0.0778
25501,0.0426
25502,0.0802
25507,0.0184
25508,0.0426
25513,0.1074
25517,0.0426
25518,0.4105
25524,0.2298
25526,0.0426
25528,0.0426
25539,0.4691
25553,0.1727
25564,0.1130
25565,0.0184
25571,0.0805
25575,0.0184
25578,0.0862
25579,0.4052
25581,0.0184
25585,0.6047
25597,0.4869
25598,0.3973
25609,0.0778
25619,0.5593
25622,0.0426
25624,0.3172
25640,0.1254
25644,0.1893
25647,0.0426
25651,0.6182
25653,0.0426
25657,0.2783
25662,0.1172
25665,0.0426
25667,0.6859
25668,0.1762
25669,0.0426
25673,0.0426
25674,0.4656
25678,0.0184
25681,0.0426
25692,0.9547
25694,0.4340
25699,0.3188
25700,0.0426
25704,0.6579
25706,0.3386
25707,0.2743
25708,0.0805
25709,0.1402
25717,0.0184
25718,0.0889
25723,0.1117
25726,0.0426
25729,0.5616
25732,0.1131
25733,0.0426
25734,0.1673
25735,0.5395
25737,0.1472
25740,0.1137
25747,0.0426
25751,0.0301
25757,0.1140
25763,0.8766
25764,0.4241
25771,0.0426
25772,0.1643
25775,0.0426
25778,0.1329
25787,0.0426
25790,0.0426
25791,0.0203
25796,0.9995
25799,0.0798
25801,0.0184
25806,0.2783
25810,0.0184
25813,0.2783
25814,0.0184
25815,0.0426
25816,0.1580
25817,0.2783
25827,0.3310
25833,0.2409
25834,0.0184
25845,0.2778
25846,0.0426
25848,0.1893
25849,0.0184
25850,0.1977
25856,0.0426
25867,0.0426
25868,0.2870
25872,0.0184
25880,0.0426
25884,0.6993
25893,0.0184
25904,0.8162
25906,0.0426
25915,0.0426
25921,0.3697
25922,0.1172
25924,0.1883
25925,0.1335
25928,0.4476
25940,0.2994
25949,0.0426
25953,0.0184
25958,0.1009
25959,0.4854
25962,0.0184
25965,0.0486
25972,0.0426
25975,0.3961
25978,0.0184
25979,0.9842
25986,0.7857
25997,0.1368
26003,0.0778
26005,0.9984
26009,0.0426
26011,0.1172
26013,0.0511
26017,0.3006
26021,0.0426
26022,0.2350
26029,0.0426
26030,0.0184
26031,0.0184
26036,0.3956
26043,0.5429
26045,0.0798
26047,0.0298
26048,0.1074
26050,0.0426
26058,0.0426
26063,0.2743
26068,0.0426
26073,0.0426
26076,0.3781
26080,0.5068
26088,0.0426
26093,0.0511
26105,0.4004
26106,0.0798
26107,0.0426
26110,0.0426
26111,0.2072
26115,0.0426
26116,0.0426
26119,0.0426
26121,0.0798
26122,0.3188
26123,0.0802
26126,0.0426
26129,0.0630
26135,0.0184
26139,0.0805
26140,0.0298
26144,0.0644
26155,0.0426
26173,0.0426
26181,0.2185
26185,0.0990
26190,0.0862
26191,0.3937
26197,0.1172
26198,0.0426
26200,0.7024
26202,0.6977
26219,0.2809
26220,0.0298
26232,0.1608
26240,0.9993
26241,0.0426
26244,0.0426
26247,0.0426
26250,0.2849
26255,0.0426
26261,0.0184
26263,0.5826
26273,0.0926
26274,0.0426
26277,0.0426
26279,0.1255
26281,0.0426
26282,0.0426
26285,0.1912
26290,0.4707
26296,0.0426
26298,0.0426
26317,0.0426
26319,0.0426
26323,0.9996
26324,0.0798
26326,0.1496
26330,0.0426
26333,0.0184
26354,0.0426
26368,0.0778
26371,0.3188
26379,0.0426
26383,0.3131
26384,0.6404
26387,0.2076
26389,0.0426
26390,0.3673
26399,0.1172
26403,0.2772
26406,0.0184
26407,0.0426
26412,0.3421
26414,0.0426
26426,0.1836
26429,0.0426
26434,0.1134
26436,0.3204
26442,0.0426
26449,0.0426
26452,0.1031
26464,0.0511
26472,0.2769
26473,0.0426
26477,0.0426
26480,0.1959
26481,0.4167
26490,0.0426
26499,0.0511
26503,0.0184
26506,0.0426
26509,0.2177
26512,0.0184
26513,0.2713
26515,0.2226
26523,0.0426
26524,0.0184
26526,0.0426
26527,0.1577
26529,0.4459
26531,0.0184
26534,0.1868
26536,0.0426
26539,0.0184
26542,0.7434
26550,0.0639
26557,0.0426
26562,0.0184
26570,0.0426
26576,0.3055
26577,0.0426
26580,0.4020
26588,0.0511
26589,0.5715
26594,0.0426
26595,0.0426
26598,0.0184
26611,0.9309
26615,0.3614
26618,0.2822
26620,0.0557
26624,0.1718
26625,0.0426
26633,0.9775
26643,0.0426
26650,0.0426
26653,0.7053
26656,0.0805
26662,0.4947
26667,0.2773
26669,0.0426
26670,0.4522
26677,0.3747
26679,0.0168
26683,0.5188
26684,0.0684
26687,0.1912
26690,0.1031
26692,0.4198
26695,0.0426
26696,0.0426
26698,0.6863
26699,0.0862
26701,0.0426
26706,0.1920
26710,0.0426
26713,0.2759
26720,0.0426
26721,0.0426
26724,0.1868
26729,0.3311
26730,0.0184
26735,0.0802
26736,0.0426
26738,0.0426
26743,0.0426
26744,0.2772
26745,0.0426
26748,0.2775
26758,0.3418
26768,0.0426
26770,0.2743
26775,0.9904
26780,0.9958
26785,0.1169
26791,0.0426
26795,0.0426
26796,0.1330
26799,0.1766
26800,0.0184
